VARIABLE1_LABEL,VARIABLE2_LABEL,EFFECT,EFFECT_L95,EFFECT_U95,N,P,P_ADJ
Metabolite_2,Metabolite_1,0.653710998,0.57770687,0.718476828,258,7.78E-33,2.73E-31
Metabolite_3,Metabolite_1,0.096470606,-0.025960313,0.216050282,258,0.122193905,0.227074296
Metabolite_4,Metabolite_1,-0.212038903,-0.325729128,-0.092304073,258,0.000607202,0.00231785
Metabolite_5,Metabolite_1,0.152024086,0.030464623,0.26915209,258,0.014515985,0.038744617
Metabolite_6,Metabolite_1,0.106836631,-0.015490549,0.226012812,258,0.086782001,0.172838103
Metabolite_7,Metabolite_1,0.0229057,-0.099497699,0.144626197,258,0.714229622,0.816212547
Metabolite_8,Metabolite_1,0.113481666,-0.008764874,0.232386105,258,0.068786818,0.1431981
Metabolite_9,Metabolite_1,-0.288652671,-0.396790199,-0.172612492,258,2.42E-06,1.40E-05
Metabolite_10,Metabolite_1,-0.229667812,-0.342194929,-0.11064617,258,0.000198468,0.00083741
Metabolite_11,Metabolite_1,0.737633871,0.676445435,0.788709187,258,1.46E-45,8.46E-44
Metabolite_12,Metabolite_1,0.221142063,0.101765371,0.334240306,258,0.000344602,0.001386189
Metabolite_13,Metabolite_1,0.045504234,-0.077049011,0.166702899,258,0.466776339,0.615762116
Metabolite_14,Metabolite_1,-0.208933124,-0.322821098,-0.089081045,258,0.000732773,0.002744898
Metabolite_15,Metabolite_1,-0.041972869,-0.16326107,0.080565171,258,0.502089139,0.647637932
Metabolite_16,Metabolite_1,-0.224369707,-0.337253632,-0.105125192,258,0.000280322,0.001148548
Metabolite_17,Metabolite_1,0.059363432,-0.063219966,0.180182221,258,0.342251669,0.495473644
Metabolite_18,Metabolite_1,0.014271011,-0.108042358,0.136158775,258,0.819549127,0.889571256
Metabolite_19,Metabolite_1,-0.087820628,-0.2077179,0.034676347,258,0.159582416,0.279664827
Metabolite_20,Metabolite_1,-0.097101525,-0.216657355,0.025323846,258,0.119758861,0.223485177
Metabolite_21,Metabolite_1,-0.173135437,-0.289146735,-0.052112239,258,0.005294409,0.016121141
Metabolite_22,Metabolite_1,-0.086061477,-0.206021207,0.036446655,258,0.168142202,0.291323627
Metabolite_23,Metabolite_1,0.110914821,-0.01136418,0.229925438,258,0.075338842,0.154173707
Metabolite_24,Metabolite_1,0.143129034,0.021377639,0.260697207,258,0.021466241,0.054116307
Metabolite_25,Metabolite_1,-0.035448319,-0.156894172,0.087053615,258,0.570851651,0.706818885
Metabolite_26,Metabolite_1,-0.124189424,-0.242634541,-0.002096148,258,0.046281988,0.10349355
Metabolite_27,Metabolite_1,0.060332025,-0.062251717,0.181122572,258,0.334419729,0.487271061
Metabolite_28,Metabolite_1,-0.230863854,-0.343309561,-0.111893542,258,0.00018338,0.000779269
Metabolite_29,Metabolite_1,-0.20192853,-0.31625459,-0.081821217,258,0.001108777,0.003999187
Metabolite_30,Metabolite_1,0.138047591,0.016195565,0.255859111,258,0.026607254,0.064992215
Metabolite_3,Metabolite_2,0.280060118,0.163528097,0.388884421,258,4.92E-06,2.72E-05
Metabolite_4,Metabolite_2,-0.253649623,-0.364484076,-0.135729031,258,3.76E-05,0.00018029
Metabolite_5,Metabolite_2,0.186745094,0.066128162,0.301983059,258,0.002599246,0.008591947
Metabolite_6,Metabolite_2,0.338459195,0.225661708,0.442301997,258,2.47E-08,1.81E-07
Metabolite_7,Metabolite_2,0.25482407,0.136961294,0.365572377,258,3.45E-05,0.000166506
Metabolite_8,Metabolite_2,0.162540317,0.041233749,0.279124691,258,0.008909107,0.025428457
Metabolite_9,Metabolite_2,-0.169662818,-0.285864744,-0.048543577,258,0.006299157,0.018776989
Metabolite_10,Metabolite_2,-0.296104748,-0.40363369,-0.180507146,258,1.28E-06,7.71E-06
Metabolite_11,Metabolite_2,0.172292617,0.051245826,0.288350432,258,0.005524056,0.01673585
Metabolite_12,Metabolite_2,0.230926207,0.111958582,0.343367662,258,0.000182624,0.000776483
Metabolite_13,Metabolite_2,0.225841195,0.106657843,0.338626645,258,0.000254891,0.001052624
Metabolite_14,Metabolite_2,-0.182298492,-0.297793714,-0.061543583,258,0.003297066,0.010611269
Metabolite_15,Metabolite_2,-0.098040835,-0.217560992,0.024376094,258,0.11620379,0.218221553
Metabolite_16,Metabolite_2,-0.174446518,-0.290385136,-0.053460386,258,0.004954181,0.015208224
Metabolite_17,Metabolite_2,0.353898057,0.242242675,0.456301839,258,5.00E-09,3.95E-08
Metabolite_18,Metabolite_2,0.230629924,0.111649543,0.343091579,258,0.000186244,0.000790003
Metabolite_19,Metabolite_2,0.043886315,-0.078660342,0.165126369,258,0.482782758,0.630473493
Metabolite_20,Metabolite_2,-0.303724966,-0.41061917,-0.188595358,258,6.60E-07,4.11E-06
Metabolite_21,Metabolite_2,-0.073711871,-0.19408973,0.048852975,258,0.238062078,0.3793817
Metabolite_22,Metabolite_2,-0.268001575,-0.377762583,-0.150812558,258,1.28E-05,6.63E-05
Metabolite_23,Metabolite_2,0.382931496,0.273601551,0.482492542,258,1.95E-10,1.75E-09
Metabolite_24,Metabolite_2,0.139282165,0.017453987,0.257035106,258,0.02526965,0.06218665
Metabolite_25,Metabolite_2,-0.079315578,-0.199508126,0.043228216,258,0.204151617,0.337550801
Metabolite_26,Metabolite_2,-0.311355527,-0.41760158,-0.19671023,258,3.32E-07,2.15E-06
Metabolite_27,Metabolite_2,0.305782518,0.190781957,0.412503186,258,5.49E-07,3.46E-06
Metabolite_28,Metabolite_2,-0.161168493,-0.277825207,-0.039827336,258,0.009510038,0.02690918
Metabolite_29,Metabolite_2,-0.127902132,-0.246181826,-0.005868734,258,0.040084653,0.091757828
Metabolite_30,Metabolite_2,0.200882058,0.080737707,0.315272626,258,0.00117819,0.00422532
Metabolite_4,Metabolite_3,0.230943513,0.111976633,0.343383787,258,0.000182414,0.000775658
Metabolite_5,Metabolite_3,0.024744576,-0.097675661,0.146427151,258,0.692409468,0.800214652
Metabolite_6,Metabolite_3,0.35853931,0.247240052,0.460500604,258,3.04E-09,2.46E-08
Metabolite_7,Metabolite_3,0.501051085,0.403624141,0.587242271,258,8.36E-18,1.30E-16
Metabolite_8,Metabolite_3,0.021242979,-0.101144488,0.14299707,258,0.734162116,0.830831264
Metabolite_9,Metabolite_3,0.090603814,-0.031873939,0.210400797,258,0.146715136,0.261971304
Metabolite_10,Metabolite_3,0.140389758,0.018583303,0.258089848,258,0.02411927,0.059763637
Metabolite_11,Metabolite_3,0.087874619,-0.034622001,0.207769964,258,0.159324982,0.279315201
Metabolite_12,Metabolite_3,0.078992173,-0.043553048,0.199195616,258,0.206008264,0.339946685
Metabolite_13,Metabolite_3,0.649608772,0.572936794,0.715009614,258,2.57E-32,8.80E-31
Metabolite_14,Metabolite_3,-0.054032168,-0.175002451,0.068545208,258,0.387421778,0.540483437
Metabolite_15,Metabolite_3,0.281376251,0.164918286,0.3900964,258,4.42E-06,2.46E-05
Metabolite_16,Metabolite_3,0.272297292,0.15533788,0.381728244,258,9.14E-06,4.85E-05
Metabolite_17,Metabolite_3,0.262290075,0.144803377,0.372483674,258,1.98E-05,9.95E-05
Metabolite_18,Metabolite_3,0.627724038,0.547576657,0.696458046,258,1.12E-29,3.38E-28
Metabolite_19,Metabolite_3,0.129991379,0.007993205,0.248176592,258,0.036915823,0.085660184
Metabolite_20,Metabolite_3,0.202613775,0.082530869,0.316897462,258,0.001065383,0.003855649
Metabolite_21,Metabolite_3,0.056003842,-0.066576574,0.176918878,258,0.370311414,0.523687449
Metabolite_22,Metabolite_3,0.083920153,-0.038600522,0.203954937,258,0.179018432,0.305586639
Metabolite_23,Metabolite_3,0.511730158,0.415576582,0.596572386,258,1.27E-18,2.09E-17
Metabolite_24,Metabolite_3,0.044191868,-0.078356082,0.165424153,258,0.479737334,0.627717938
Metabolite_25,Metabolite_3,0.093535032,-0.028920393,0.213224443,258,0.134032864,0.244180572
Metabolite_26,Metabolite_3,0.263355933,0.145924129,0.373469344,258,1.82E-05,9.23E-05
Metabolite_27,Metabolite_3,0.73606409,0.674578115,0.78740761,258,2.79E-45,1.60E-43
Metabolite_28,Metabolite_3,0.281918503,0.165491184,0.390595631,258,4.23E-06,2.36E-05
Metabolite_29,Metabolite_3,0.181665176,0.060891029,0.297196676,258,0.0034092,0.010932027
Metabolite_30,Metabolite_3,0.749499001,0.690584984,0.798532317,258,9.16E-48,5.66E-46
Metabolite_5,Metabolite_4,0.005975512,-0.116234379,0.128007166,258,0.923905198,0.955642258
Metabolite_6,Metabolite_4,-0.068927096,-0.189457364,0.053649579,258,0.269996989,0.416711702
Metabolite_7,Metabolite_4,0.175831276,0.054884771,0.291692708,258,0.004616298,0.014296438
Metabolite_8,Metabolite_4,0.053458865,-0.069117448,0.174445039,258,0.392485484,0.54562364
Metabolite_9,Metabolite_4,0.240637521,0.122100734,0.352406122,258,9.46E-05,0.000424619
Metabolite_10,Metabolite_4,0.555870243,0.465334746,0.634895023,258,2.53E-22,5.16E-21
Metabolite_11,Metabolite_4,-0.028087716,-0.149699283,0.094361031,258,0.653393125,0.770852006
Metabolite_12,Metabolite_4,-0.100223985,-0.21966044,0.022172471,258,0.108259651,0.206166228
Metabolite_13,Metabolite_4,0.166090267,0.044875443,0.282485461,258,0.007507672,0.02190335
Metabolite_14,Metabolite_4,0.17263181,0.051594492,0.288670923,258,0.005430581,0.016485025
Metabolite_15,Metabolite_4,0.403674021,0.296148704,0.501095713,258,1.57E-11,1.55E-10
Metabolite_16,Metabolite_4,0.918621132,0.897143617,0.935765757,258,3.18E-105,5.30E-103
Metabolite_17,Metabolite_4,-0.139437835,-0.257183364,-0.017612691,258,0.025105168,0.061856857
Metabolite_18,Metabolite_4,0.18192722,0.06116102,0.297443721,258,0.00336239,0.010796962
Metabolite_19,Metabolite_4,0.112092977,-0.01017133,0.231055049,258,0.072271229,0.149051983
Metabolite_20,Metabolite_4,0.508029949,0.411431399,0.593342175,258,2.46E-18,3.97E-17
Metabolite_21,Metabolite_4,0.348460313,0.236395218,0.451376711,258,8.86E-09,6.80E-08
Metabolite_22,Metabolite_4,0.363102858,0.252159543,0.464624629,258,1.85E-09,1.52E-08
Metabolite_23,Metabolite_4,-0.009191855,-0.131169678,0.113060129,258,0.883187873,0.930372832
Metabolite_24,Metabolite_4,-0.144723624,-0.262214218,-0.023005159,258,0.020041274,0.051009042
Metabolite_25,Metabolite_4,0.118901583,-0.003270982,0.23757683,258,0.056476584,0.121998911
Metabolite_26,Metabolite_4,0.701116753,0.633209579,0.758312154,258,1.77E-39,8.32E-38
Metabolite_27,Metabolite_4,0.261193798,0.143650953,0.371469613,258,2.15E-05,0.000107373
Metabolite_28,Metabolite_4,0.894645039,0.867277483,0.916621354,258,1.47E-91,2.10E-89
Metabolite_29,Metabolite_4,0.839785131,0.799673645,0.872434363,258,7.32E-70,7.32E-68
Metabolite_30,Metabolite_4,0.29960281,0.184218101,0.406841933,258,9.48E-07,5.80E-06
Metabolite_6,Metabolite_5,0.052625782,-0.069948842,0.173634911,258,0.399914406,0.55298313
Metabolite_7,Metabolite_5,-0.017255387,-0.139087354,0.105091141,258,0.782673077,0.864717253
Metabolite_8,Metabolite_5,0.826329605,0.783246272,0.861514459,258,8.84E-66,8.11E-64
Metabolite_9,Metabolite_5,-0.02016636,-0.141941851,0.102210434,258,0.747165135,0.839913
Metabolite_10,Metabolite_5,-0.187167812,-0.302381089,-0.066564262,258,0.002540448,0.008418444
Metabolite_11,Metabolite_5,0.045596845,-0.076956758,0.166793123,258,0.465869056,0.614938546
Metabolite_12,Metabolite_5,0.134888,0.0129767,0.252847853,258,0.030310426,0.072558231
Metabolite_13,Metabolite_5,0.07607072,-0.046486211,0.196371469,258,0.223334687,0.361645524
Metabolite_14,Metabolite_5,-0.034053956,-0.15553219,0.088438916,258,0.586104725,0.718834493
Metabolite_15,Metabolite_5,-0.007974718,-0.129973203,0.114261631,258,0.898566066,0.940026161
Metabolite_16,Metabolite_5,0.115302323,-0.00692019,0.234130528,258,0.064427697,0.135707159
Metabolite_17,Metabolite_5,0.10273558,-0.01963585,0.222074372,258,0.099655861,0.192963402
Metabolite_18,Metabolite_5,0.032714867,-0.089768854,0.154223764,258,0.600927627,0.730651556
Metabolite_19,Metabolite_5,-0.060129378,-0.180925852,0.062454311,258,0.336048733,0.4890304
Metabolite_20,Metabolite_5,-0.073319353,-0.193709916,0.049246676,258,0.240577423,0.382371266
Metabolite_21,Metabolite_5,0.02876112,-0.09369304,0.150358062,258,0.64564263,0.764801651
Metabolite_22,Metabolite_5,-0.109865926,-0.228919493,0.012425864,258,0.078158031,0.158848746
Metabolite_23,Metabolite_5,0.034606821,-0.0878897,0.156072271,258,0.580034412,0.713937628
Metabolite_24,Metabolite_5,0.086758573,-0.035745229,0.20669364,258,0.164710123,0.286598177
Metabolite_25,Metabolite_5,-0.098907529,-0.218394589,0.023501415,258,0.112997184,0.213391948
Metabolite_26,Metabolite_5,-0.075212317,-0.195541278,0.047347653,258,0.228617231,0.368002502
Metabolite_27,Metabolite_5,0.035044219,-0.087455138,0.156499504,258,0.575252761,0.710120731
Metabolite_28,Metabolite_5,0.096749702,-0.025678775,0.216318841,258,0.121112025,0.225476613
Metabolite_29,Metabolite_5,0.165056784,0.043814918,0.281507347,258,0.007893856,0.022880272
Metabolite_30,Metabolite_5,0.063854635,-0.058728412,0.184540608,258,0.306913446,0.457302517
Metabolite_7,Metabolite_6,0.460177318,0.358181774,0.551318722,258,6.32E-15,8.09E-14
Metabolite_8,Metabolite_6,0.037829474,-0.084686841,0.159218962,258,0.545247199,0.685094591
Metabolite_9,Metabolite_6,0.033484056,-0.089004975,0.154975391,258,0.592392566,0.723967099
Metabolite_10,Metabolite_6,-0.042799346,-0.164066857,0.079742526,258,0.493700627,0.640308917
Metabolite_11,Metabolite_6,0.068644377,-0.053932821,0.189183482,258,0.271971259,0.418983411
Metabolite_12,Metabolite_6,-0.000486111,-0.1226039,0.121646179,258,0.993800355,0.996882297
Metabolite_13,Metabolite_6,0.395929704,0.287716579,0.49416065,258,4.10E-11,3.91E-10
Metabolite_14,Metabolite_6,-0.014534641,-0.136417561,0.107781745,258,0.816274311,0.88739097
Metabolite_15,Metabolite_6,0.067955031,-0.054623356,0.188515606,258,0.27682615,0.424315804
Metabolite_16,Metabolite_6,-0.041595188,-0.162892791,0.080941045,258,0.505947297,0.651102303
Metabolite_17,Metabolite_6,0.443380828,0.339646933,0.536457824,258,7.52E-14,8.92E-13
Metabolite_18,Metabolite_6,0.488830674,0.389987251,0.576537339,258,6.66E-17,9.75E-16
Metabolite_19,Metabolite_6,0.094700991,-0.027744957,0.214347057,258,0.129229199,0.23731267
Metabolite_20,Metabolite_6,-0.012519913,-0.134439424,0.109772997,258,0.841378187,0.903847992
Metabolite_21,Metabolite_6,-0.021779333,-0.143522659,0.100613346,258,0.727712138,0.826117835
Metabolite_22,Metabolite_6,-0.051776393,-0.172808757,0.070796334,258,0.407574609,0.560314765
Metabolite_23,Metabolite_6,0.567618654,0.478675603,0.645029945,258,2.10E-23,4.54E-22
Metabolite_24,Metabolite_6,0.015956229,-0.106376129,0.137812748,258,0.79867157,0.875708241
Metabolite_25,Metabolite_6,-0.023571717,-0.145278572,0.098837875,258,0.706298669,0.810484479
Metabolite_26,Metabolite_6,-0.055672959,-0.176597331,0.066907013,258,0.373149795,0.526605766
Metabolite_27,Metabolite_6,0.398852619,0.290897122,0.496779601,258,2.86E-11,2.76E-10
Metabolite_28,Metabolite_6,-0.031243944,-0.152786031,0.091229224,258,0.617401026,0.743170131
Metabolite_29,Metabolite_6,-0.061363489,-0.182123718,0.061220365,258,0.32620675,0.478557863
Metabolite_30,Metabolite_6,0.311872821,0.197260927,0.418074481,258,3.17E-07,2.06E-06
Metabolite_8,Metabolite_7,-0.045274661,-0.166479236,0.077277689,258,0.469029582,0.617757412
Metabolite_9,Metabolite_7,0.005035407,-0.11716171,0.127082325,258,0.93584884,0.962954361
Metabolite_10,Metabolite_7,0.07740645,-0.045145389,0.197662957,258,0.215288338,0.351594859
Metabolite_11,Metabolite_7,-0.011478059,-0.13341611,0.110802327,258,0.854424759,0.912300149
Metabolite_12,Metabolite_7,0.011769526,-0.11051439,0.133702416,258,0.850770726,0.909991857
Metabolite_13,Metabolite_7,0.524868488,0.430327223,0.608019734,258,1.15E-19,2.02E-18
Metabolite_14,Metabolite_7,0.016957036,-0.105386274,0.138794677,258,0.786339308,0.867333122
Metabolite_15,Metabolite_7,0.212656956,0.092945759,0.326307573,258,0.000584721,0.002240181
Metabolite_16,Metabolite_7,0.190603411,0.070110334,0.30561455,258,0.002105615,0.007121712
Metabolite_17,Metabolite_7,0.317655037,0.203421427,0.423356561,258,1.86E-07,1.24E-06
Metabolite_18,Metabolite_7,0.603780051,0.519997902,0.676055063,258,5.11E-27,1.33E-25
Metabolite_19,Metabolite_7,0.171799795,0.050739292,0.287884736,258,0.005662441,0.017102717
Metabolite_20,Metabolite_7,0.122218796,9.51E-05,0.240750428,258,0.049884919,0.110095426
Metabolite_21,Metabolite_7,0.065682933,-0.056898548,0.186313481,258,0.293241806,0.442616691
Metabolite_22,Metabolite_7,-0.019014773,-0.140812848,0.103350293,258,0.761153108,0.849653867
Metabolite_23,Metabolite_7,0.46037527,0.358400694,0.551493519,258,6.13E-15,7.86E-14
Metabolite_24,Metabolite_7,-0.070654182,-0.191130056,0.051918875,258,0.258148871,0.40316612
Metabolite_25,Metabolite_7,0.075325478,-0.047234102,0.19565073,258,0.227915831,0.367187018
Metabolite_26,Metabolite_7,0.166959426,0.045767556,0.283307866,258,0.007196025,0.021099862
Metabolite_27,Metabolite_7,0.639142171,0.560789701,0.706148611,258,5.00E-31,1.61E-29
Metabolite_28,Metabolite_7,0.183075012,0.06234383,0.298525629,258,0.003164139,0.010229122
Metabolite_29,Metabolite_7,0.1349194,0.013008677,0.25287779,258,0.030271562,0.072482066
Metabolite_30,Metabolite_7,0.555357458,0.46475339,0.634452042,258,2.81E-22,5.73E-21
Metabolite_9,Metabolite_8,-0.00831058,-0.130303399,0.113930119,258,0.894318509,0.937311262
Metabolite_10,Metabolite_8,-0.137329088,-0.255174541,-0.015463361,258,0.027413364,0.066657337
Metabolite_11,Metabolite_8,0.034364928,-0.088130005,0.155835981,258,0.582686723,0.716064412
Metabolite_12,Metabolite_8,0.034074832,-0.088418178,0.155552585,258,0.585874978,0.718644117
Metabolite_13,Metabolite_8,0.05588496,-0.0666953,0.176803353,258,0.371329673,0.524761905
Metabolite_14,Metabolite_8,0.020849919,-0.101533684,0.142611855,258,0.738900803,0.834034463
Metabolite_15,Metabolite_8,0.035891117,-0.086613596,0.15732659,258,0.566047459,0.702708815
Metabolite_16,Metabolite_8,0.139218617,0.017389202,0.256974582,258,0.02533706,0.062323716
Metabolite_17,Metabolite_8,0.110182806,-0.01210515,0.229223424,258,0.077297471,0.157441937
Metabolite_18,Metabolite_8,0.014555972,-0.107760656,0.1364385,258,0.816009465,0.887221826
Metabolite_19,Metabolite_8,-0.003018512,-0.125097464,0.119150479,258,0.961517674,0.978626556
Metabolite_20,Metabolite_8,-0.050547208,-0.171612896,0.07202246,258,0.418812648,0.571288592
Metabolite_21,Metabolite_8,0.075897377,-0.046660183,0.196203837,258,0.22439437,0.362919636
Metabolite_22,Metabolite_8,-0.058937459,-0.179768599,0.063645715,258,0.345732664,0.499097978
Metabolite_23,Metabolite_8,-0.015965684,-0.137822025,0.106366778,258,0.798554822,0.87562379
Metabolite_24,Metabolite_8,0.040393081,-0.08213717,0.161720381,258,0.518329773,0.662078307
Metabolite_25,Metabolite_8,-0.029630217,-0.151208125,0.092830767,258,0.635696187,0.757363207
Metabolite_26,Metabolite_8,-0.017108314,-0.138943081,0.10523663,258,0.784479761,0.865987796
Metabolite_27,Metabolite_8,0.030474268,-0.091993169,0.152033517,258,0.626098507,0.749871829
Metabolite_28,Metabolite_8,0.129825283,0.007824269,0.248018044,258,0.037159739,0.086147522
Metabolite_29,Metabolite_8,0.164731925,0.043481616,0.281199844,258,0.008018848,0.023192954
Metabolite_30,Metabolite_8,0.030577961,-0.091890256,0.152134906,258,0.6249237,0.748913736
Metabolite_10,Metabolite_9,0.258204671,0.140510353,0.36870332,258,2.69E-05,0.000132156
Metabolite_11,Metabolite_9,-0.242596046,-0.354226426,-0.124149152,258,8.26E-05,0.000374479
Metabolite_12,Metabolite_9,-0.059932014,-0.180734252,0.062651613,258,0.337640143,0.490800038
Metabolite_13,Metabolite_9,0.032111755,-0.090367703,0.153634323,258,0.607658244,0.735724581
Metabolite_14,Metabolite_9,0.134419405,0.01249953,0.252401063,258,0.03089549,0.073744819
Metabolite_15,Metabolite_9,0.186802199,0.066187073,0.302036831,258,0.002591232,0.008568758
Metabolite_16,Metabolite_9,0.296749246,0.181190621,0.404224989,258,1.22E-06,7.32E-06
Metabolite_17,Metabolite_9,-0.047779559,-0.168918971,0.074781867,258,0.444769923,0.59550154
Metabolite_18,Metabolite_9,0.08489271,-0.03762241,0.204893538,258,0.174015827,0.299012206
Metabolite_19,Metabolite_9,0.017295816,-0.105051146,0.139127013,258,0.782176629,0.864397783
Metabolite_20,Metabolite_9,0.280306851,0.163788678,0.389111657,258,4.82E-06,2.67E-05
Metabolite_21,Metabolite_9,0.157831703,0.036408415,0.274662593,258,0.011124143,0.03079786
Metabolite_22,Metabolite_9,0.428741872,0.323558362,0.523458581,258,5.84E-13,6.48E-12
Metabolite_23,Metabolite_9,-0.045648757,-0.166843695,0.076905046,258,0.465360921,0.61450965
Metabolite_24,Metabolite_9,-0.016160758,-0.138013438,0.106173858,258,0.796147127,0.87401483
Metabolite_25,Metabolite_9,0.266465721,0.149195805,0.376343756,258,1.44E-05,7.41E-05
Metabolite_26,Metabolite_9,0.164591374,0.04333742,0.281066793,258,0.008073471,0.023329946
Metabolite_27,Metabolite_9,0.079766312,-0.042775451,0.199943636,258,0.201584218,0.334294533
Metabolite_28,Metabolite_9,0.297159381,0.181625617,0.404601224,258,1.17E-06,7.07E-06
Metabolite_29,Metabolite_9,0.235495,0.116726981,0.347622499,258,0.000134495,0.00058646
Metabolite_30,Metabolite_9,0.041377535,-0.081157642,0.16268054,258,0.508177739,0.653073875
Metabolite_11,Metabolite_10,-0.01810135,-0.139917114,0.104254185,258,0.772303892,0.857532317
Metabolite_12,Metabolite_10,-0.248936752,-0.360113848,-0.130787819,258,5.28E-05,0.000247085
Metabolite_13,Metabolite_10,0.093908391,-0.028544037,0.213583956,258,0.132479939,0.241938673
Metabolite_14,Metabolite_10,0.224021335,0.104762422,0.336928504,258,0.000286679,0.001172572
Metabolite_15,Metabolite_10,0.450004166,0.346946144,0.542324804,258,2.88E-14,3.52E-13
Metabolite_16,Metabolite_10,0.388062152,0.279167419,0.487102406,258,1.06E-10,9.79E-10
Metabolite_17,Metabolite_10,-0.265948948,-0.375866243,-0.148651952,258,1.50E-05,7.69E-05
Metabolite_18,Metabolite_10,0.141035019,0.019241362,0.258704188,258,0.023470117,0.058389571
Metabolite_19,Metabolite_10,0.041318865,-0.081216024,0.162623324,258,0.508779839,0.653559136
Metabolite_20,Metabolite_10,0.529712838,0.435778833,0.612231881,258,4.59E-20,8.27E-19
Metabolite_21,Metabolite_10,-0.008102761,-0.130099089,0.11413525,258,0.896946395,0.939005502
Metabolite_22,Metabolite_10,0.584673601,0.498115635,0.659694316,258,4.71E-25,1.11E-23
Metabolite_23,Metabolite_10,0.009902925,-0.112358028,0.131868512,258,0.87422354,0.924686021
Metabolite_24,Metabolite_10,-0.084284951,-0.204307025,0.038233667,258,0.177129677,0.303028994
Metabolite_25,Metabolite_10,0.266117021,0.148828824,0.376021554,258,1.48E-05,7.59E-05
Metabolite_26,Metabolite_10,0.827728308,0.784951103,0.862651103,258,3.46E-66,3.21E-64
Metabolite_27,Metabolite_10,0.182361531,0.061608542,0.297853138,258,0.003286089,0.010579031
Metabolite_28,Metabolite_10,0.386786049,0.277782385,0.48595635,258,1.24E-10,1.13E-09
Metabolite_29,Metabolite_10,0.155614612,0.034138324,0.272559832,258,0.012326111,0.033664271
Metabolite_30,Metabolite_10,0.192456985,0.072024775,0.307357966,258,0.001900294,0.006493316
Metabolite_12,Metabolite_11,0.031751153,-0.090725714,0.153281854,258,0.61169839,0.738685915
Metabolite_13,Metabolite_11,-0.001730641,-0.123829537,0.120419878,258,0.97793074,0.987956476
Metabolite_14,Metabolite_11,-0.076942083,-0.197214018,0.045611577,258,0.218061774,0.355160941
Metabolite_15,Metabolite_11,0.192897912,0.072480312,0.307772575,258,0.001854225,0.006351028
Metabolite_16,Metabolite_11,-0.12420448,-0.242648932,-0.002111439,258,0.046255324,0.103442921
Metabolite_17,Metabolite_11,-0.083827207,-0.203865225,0.038693987,258,0.179502034,0.30625629
Metabolite_18,Metabolite_11,0.031132774,-0.091339576,0.152677348,258,0.618654019,0.744172671
Metabolite_19,Metabolite_11,-0.068053578,-0.18861109,0.054524647,258,0.276128535,0.423590365
Metabolite_20,Metabolite_11,0.284993405,0.168741352,0.393425366,258,3.28E-06,1.86E-05
Metabolite_21,Metabolite_11,-0.211925747,-0.325623215,-0.092186602,258,0.000611403,0.002331753
Metabolite_22,Metabolite_11,0.131728078,0.009760023,0.249833992,258,0.034445623,0.080866968
Metabolite_23,Metabolite_11,0.042375199,-0.080164727,0.163653349,258,0.497996257,0.643928142
Metabolite_24,Metabolite_11,0.019281256,-0.103086552,0.141074133,258,0.757909124,0.84735886
Metabolite_25,Metabolite_11,0.017354971,-0.104992627,0.139185039,258,0.781450416,0.863913492
Metabolite_26,Metabolite_11,0.172975646,0.051947961,0.288995775,258,0.005337278,0.016236614
Metabolite_27,Metabolite_11,0.062020377,-0.060563413,0.182761167,258,0.321044833,0.473004786
Metabolite_28,Metabolite_11,-0.142216278,-0.259828597,-0.020446325,258,0.022320733,0.055934154
Metabolite_29,Metabolite_11,-0.175871969,-0.291731126,-0.054926636,258,0.00460669,0.014270121
Metabolite_30,Metabolite_11,0.160677435,0.039324012,0.27735994,258,0.009733725,0.027445476
Metabolite_13,Metabolite_12,0.126427363,0.004369764,0.244773146,258,0.042457068,0.09631401
Metabolite_14,Metabolite_12,-0.139102207,-0.256863709,-0.017270529,258,0.025460949,0.062587248
Metabolite_15,Metabolite_12,-0.28309228,-0.391676063,-0.166731566,258,3.84E-06,2.16E-05
Metabolite_16,Metabolite_12,-0.070628181,-0.191104879,0.051944936,258,0.258324542,0.403336371
Metabolite_17,Metabolite_12,0.135464016,0.013563333,0.253396997,258,0.029604232,0.071108308
Metabolite_18,Metabolite_12,0.059383375,-0.063200032,0.180201585,258,0.342089242,0.495327124
Metabolite_19,Metabolite_12,-0.044550616,-0.165773751,0.077998824,258,0.476175062,0.624423548
Metabolite_20,Metabolite_12,-0.21482319,-0.32833431,-0.095195607,258,0.000511867,0.001985716
Metabolite_21,Metabolite_12,0.071071496,-0.051500577,0.191534122,258,0.255340618,0.399850843
Metabolite_22,Metabolite_12,-0.214764808,-0.328279701,-0.095134955,258,0.000513714,0.001992384
Metabolite_23,Metabolite_12,0.019615995,-0.102755233,0.141402319,258,0.753840238,0.844519538
Metabolite_24,Metabolite_12,0.080027692,-0.042512871,0.200196165,258,0.200106155,0.332415062
Metabolite_25,Metabolite_12,-0.015465046,-0.137330741,0.106861849,258,0.804742617,0.879670547
Metabolite_26,Metabolite_12,-0.167455741,-0.283777407,-0.046277064,258,0.007023291,0.020651861
Metabolite_27,Metabolite_12,0.076131509,-0.046425201,0.196430253,258,0.22296392,0.361192983
Metabolite_28,Metabolite_12,-0.066345945,-0.1869562,0.056234765,258,0.2883859,0.437138933
Metabolite_29,Metabolite_12,0.002589574,-0.119573309,0.124675214,258,0.966982738,0.981747848
Metabolite_30,Metabolite_12,0.133746994,0.011814909,0.251759851,258,0.03175185,0.075465485
Metabolite_14,Metabolite_13,0.002933197,-0.119234583,0.125013483,258,0.962604528,0.979207066
Metabolite_15,Metabolite_13,0.219960094,0.10053568,0.333136243,258,0.000371392,0.001484085
Metabolite_16,Metabolite_13,0.223296352,0.104007579,0.336251805,258,0.000300342,0.001223363
Metabolite_17,Metabolite_13,0.451251668,0.348322345,0.54342884,258,2.40E-14,2.95E-13
Metabolite_18,Metabolite_13,0.638227691,0.559729994,0.705373415,258,6.45E-31,2.06E-29
Metabolite_19,Metabolite_13,0.176847767,0.055930665,0.292652265,258,0.004381631,0.013652447
Metabolite_20,Metabolite_13,0.126688807,0.004635458,0.24502291,258,0.042028082,0.09547702
Metabolite_21,Metabolite_13,0.095412655,-0.027027343,0.215032109,258,0.126363204,0.233106707
Metabolite_22,Metabolite_13,-0.053317134,-0.174307225,0.069258903,258,0.393743448,0.546876021
Metabolite_23,Metabolite_13,0.433100005,0.328341707,0.527333173,258,3.21E-13,3.62E-12
Metabolite_24,Metabolite_13,-0.037275997,-0.158678706,0.085237099,258,0.551147841,0.690176125
Metabolite_25,Metabolite_13,0.044132714,-0.078414988,0.165366504,258,0.480326107,0.628195801
Metabolite_26,Metabolite_13,0.187310474,0.066711451,0.30251541,258,0.002520879,0.008363
Metabolite_27,Metabolite_13,0.749859216,0.691014954,0.798830131,258,7.82E-48,4.86E-46
Metabolite_28,Metabolite_13,0.24114881,0.122635393,0.352881409,258,9.13E-05,0.000411033
Metabolite_29,Metabolite_13,0.184858544,0.06418245,0.300206198,258,0.002877029,0.009405788
Metabolite_30,Metabolite_13,0.749504812,0.69059192,0.798537122,258,9.14E-48,5.65E-46
Metabolite_15,Metabolite_14,0.188996119,0.068450979,0.304102155,258,0.002299814,0.007708011
Metabolite_16,Metabolite_14,0.173273684,0.052254374,0.289277337,258,0.005257569,0.016022248
Metabolite_17,Metabolite_14,-0.00058953,-0.122705763,0.121544289,258,0.992481428,0.99617455
Metabolite_18,Metabolite_14,-0.020856209,-0.142618019,0.101527456,258,0.738824891,0.833983467
Metabolite_19,Metabolite_14,0.117707441,-0.004482056,0.236433767,258,0.059019332,0.126462012
Metabolite_20,Metabolite_14,0.083789132,-0.038732274,0.203828473,258,0.179700422,0.306493092
Metabolite_21,Metabolite_14,0.067249965,-0.055329519,0.187832383,258,0.281852153,0.429972302
Metabolite_22,Metabolite_14,0.187895343,0.067314933,0.303066036,258,0.002442077,0.008132349
Metabolite_23,Metabolite_14,-0.049636135,-0.170726291,0.072931028,258,0.427258034,0.579083247
Metabolite_24,Metabolite_14,-0.040543891,-0.161867484,0.08198713,258,0.516767836,0.66058633
Metabolite_25,Metabolite_14,-0.008139925,-0.130135627,0.114098567,258,0.896476363,0.938667422
Metabolite_26,Metabolite_14,0.232724717,0.113835013,0.345043134,258,0.000162022,0.000695905
Metabolite_27,Metabolite_14,-0.009400744,-0.131374985,0.112853888,258,0.880552855,0.928732072
Metabolite_28,Metabolite_14,0.184171501,0.063474089,0.299558903,258,0.002984704,0.009712943
Metabolite_29,Metabolite_14,0.10401921,-0.018338823,0.223307523,258,0.095472965,0.186497737
Metabolite_30,Metabolite_14,-0.060999136,-0.181770103,0.061584708,258,0.329092878,0.481551376
Metabolite_16,Metabolite_15,0.39226146,0.283728389,0.490871357,258,6.41E-11,6.02E-10
Metabolite_17,Metabolite_15,-0.005354849,-0.127396604,0.116846632,258,0.931788718,0.960469554
Metabolite_18,Metabolite_15,0.244158908,0.125784472,0.355678385,258,7.41E-05,0.000338455
Metabolite_19,Metabolite_15,0.052038573,-0.070534758,0.173063784,258,0.405200912,0.557976248
Metabolite_20,Metabolite_15,0.408487666,0.301398331,0.505400052,258,8.51E-12,8.61E-11
Metabolite_21,Metabolite_15,-0.030789007,-0.152341255,0.091680791,258,0.622535557,0.74718489
Metabolite_22,Metabolite_15,0.362176249,0.251160198,0.46378762,258,2.05E-09,1.68E-08
Metabolite_23,Metabolite_15,0.127285743,0.005242163,0.24559312,258,0.041062262,0.09361259
Metabolite_24,Metabolite_15,0.027831794,-0.094614866,0.149448891,258,0.65634847,0.773227097
Metabolite_25,Metabolite_15,0.174584715,0.053602516,0.29051565,258,0.004919489,0.015113455
Metabolite_26,Metabolite_15,0.509278664,0.412829833,0.594432586,258,1.97E-18,3.20E-17
Metabolite_27,Metabolite_15,0.301828328,0.186580778,0.408881688,258,7.80E-07,4.82E-06
Metabolite_28,Metabolite_15,0.417006421,0.310704586,0.513005681,258,2.82E-12,2.97E-11
Metabolite_29,Metabolite_15,0.223404361,0.104120028,0.336352628,258,0.000298269,0.001215913
Metabolite_30,Metabolite_15,0.286002691,0.169808718,0.394353733,258,3.02E-06,1.72E-05
Metabolite_17,Metabolite_16,-0.047597871,-0.168742059,0.074962949,258,0.446505267,0.597027546
Metabolite_18,Metabolite_16,0.213018866,0.093321553,0.32664625,258,0.000571917,0.002195761
Metabolite_19,Metabolite_16,0.104208372,-0.018147651,0.223489214,258,0.094868544,0.185542569
Metabolite_20,Metabolite_16,0.355228515,0.243674614,0.457505921,258,4.34E-09,3.45E-08
Metabolite_21,Metabolite_16,0.404391424,0.296930673,0.501737518,258,1.43E-11,1.42E-10
Metabolite_22,Metabolite_16,0.269081783,0.151950041,0.378760174,258,1.17E-05,6.13E-05
Metabolite_23,Metabolite_16,-0.011540866,-0.133477806,0.110740282,258,0.853637101,0.911760869
Metabolite_24,Metabolite_16,-0.109664651,-0.228726431,0.012629562,258,0.078708654,0.159727974
Metabolite_25,Metabolite_16,0.090756938,-0.031719701,0.210548352,258,0.146030805,0.2610471
Metabolite_26,Metabolite_16,0.534382688,0.441040601,0.616287871,258,1.87E-20,3.46E-19
Metabolite_27,Metabolite_16,0.303508514,0.188365397,0.410420921,258,6.73E-07,4.19E-06
Metabolite_28,Metabolite_16,0.982449641,0.977621262,0.986243507,258,1.04E-188,2.62E-186
Metabolite_29,Metabolite_16,0.940056735,0.924012448,0.952796486,258,1.30E-121,2.52E-119
Metabolite_30,Metabolite_16,0.355019802,0.243449949,0.457317058,258,4.44E-09,3.52E-08
Metabolite_18,Metabolite_17,0.35431246,0.242688635,0.45667692,258,4.78E-09,3.79E-08
Metabolite_19,Metabolite_17,0.167154065,0.045967361,0.283492012,258,0.007127838,0.020920998
Metabolite_20,Metabolite_17,-0.230787093,-0.343238035,-0.111813476,258,0.000184315,0.000782812
Metabolite_21,Metabolite_17,0.003104346,-0.119065862,0.125181955,258,0.960424273,0.977872474
Metabolite_22,Metabolite_17,-0.328825672,-0.433540675,-0.21534854,258,6.40E-08,4.49E-07
Metabolite_23,Metabolite_17,0.383559057,0.274281953,0.483056698,258,1.81E-10,1.63E-09
Metabolite_24,Metabolite_17,0.002788833,-0.119376893,0.124871371,258,0.964443791,0.980258495
Metabolite_25,Metabolite_17,-0.117670559,-0.236398457,0.004519455,258,0.059099347,0.126604532
Metabolite_26,Metabolite_17,-0.265472099,-0.375425571,-0.148150179,258,1.55E-05,7.95E-05
Metabolite_27,Metabolite_17,0.31599508,0.201651947,0.421840919,258,2.17E-07,1.43E-06
Metabolite_28,Metabolite_17,-0.02308624,-0.144803049,0.099318848,258,0.712076668,0.814590831
Metabolite_29,Metabolite_17,0.027394089,-0.095048966,0.149020607,258,0.661415419,0.777119549
Metabolite_30,Metabolite_17,0.209943761,0.09012956,0.323767622,258,0.000689497,0.002598496
Metabolite_19,Metabolite_18,0.150359118,0.028762199,0.267570884,258,0.015642353,0.04132847
Metabolite_20,Metabolite_18,0.134098695,0.012172982,0.252095247,258,0.031301444,0.074566141
Metabolite_21,Metabolite_18,0.072031309,-0.050538336,0.19246331,258,0.248962027,0.392250951
Metabolite_22,Metabolite_18,0.068181479,-0.054396531,0.188735013,258,0.2752249,0.422569682
Metabolite_23,Metabolite_18,0.482175645,0.382579024,0.570694924,258,1.99E-16,2.82E-15
Metabolite_24,Metabolite_18,-0.027105175,-0.148737887,0.095335474,258,0.664768419,0.779539418
Metabolite_25,Metabolite_18,0.118543759,-0.003633918,0.237234346,258,0.057228826,0.123309669
Metabolite_26,Metabolite_18,0.195687571,0.075363569,0.310394715,258,0.001585628,0.005524988
Metabolite_27,Metabolite_18,0.747379617,0.688056028,0.796779594,258,2.31E-47,1.41E-45
Metabolite_28,Metabolite_18,0.219185265,0.099729765,0.332412315,258,0.00038999,0.001551333
Metabolite_29,Metabolite_18,0.146140033,0.024451357,0.263561228,258,0.018845103,0.048399682
Metabolite_30,Metabolite_18,0.692154959,0.622663289,0.750814107,258,4.00E-38,1.77E-36
Metabolite_20,Metabolite_19,0.071390956,-0.051180334,0.191843413,258,0.253205175,0.39728506
Metabolite_21,Metabolite_19,0.049755155,-0.072812346,0.170842126,258,0.426149179,0.578067529
Metabolite_22,Metabolite_19,-0.009499923,-0.131472459,0.112755962,258,0.879302228,0.92792682
Metabolite_23,Metabolite_19,0.125566824,0.003495357,0.243950939,258,0.043895157,0.099025964
Metabolite_24,Metabolite_19,-0.111335076,-0.230328414,0.010938724,258,0.074232702,0.152347911
Metabolite_25,Metabolite_19,0.105436028,-0.016906738,0.224668182,258,0.091019609,0.179544287
Metabolite_26,Metabolite_19,0.068032399,-0.054545861,0.18859057,258,0.276278359,0.423761213
Metabolite_27,Metabolite_19,0.202632292,0.082550047,0.316914832,258,0.001064232,0.003852298
Metabolite_28,Metabolite_19,0.109888613,-0.012402904,0.228941254,258,0.078096162,0.158745895
Metabolite_29,Metabolite_19,0.08782207,-0.034674896,0.207719291,258,0.159575536,0.279655946
Metabolite_30,Metabolite_19,0.13956788,0.017745276,0.257307214,258,0.024968468,0.061568218
Metabolite_21,Metabolite_20,0.030320125,-0.092146146,0.151882794,258,0.627846633,0.75117252
Metabolite_22,Metabolite_20,0.560375097,0.470445356,0.638784413,258,9.84E-23,2.06E-21
Metabolite_23,Metabolite_20,-0.037515159,-0.158912164,0.084999337,258,0.548594296,0.687927616
Metabolite_24,Metabolite_20,-0.141806371,-0.259438455,-0.020028153,258,0.022713942,0.056775811
Metabolite_25,Metabolite_20,0.184035515,0.063333898,0.299430771,258,0.003006445,0.009775239
Metabolite_26,Metabolite_20,0.706053682,0.639030175,0.762436269,258,3.02E-40,1.47E-38
Metabolite_27,Metabolite_20,0.189779207,0.06925935,0.304839081,258,0.002203248,0.007415936
Metabolite_28,Metabolite_20,0.333552967,0.220406185,0.437842445,258,4.03E-08,2.89E-07
Metabolite_29,Metabolite_20,0.202837548,0.082762639,0.317107375,258,0.001051554,0.003810696
Metabolite_30,Metabolite_20,0.236656046,0.117939627,0.348703026,258,0.000124317,0.00054556
Metabolite_22,Metabolite_21,-0.089165186,-0.209014234,0.033322743,258,0.153264088,0.271089261
Metabolite_23,Metabolite_21,-0.028920725,-0.150514185,0.093534702,258,0.643811223,0.763447135
Metabolite_24,Metabolite_21,-0.045727053,-0.166919969,0.07682705,258,0.464595107,0.613813594
Metabolite_25,Metabolite_21,0.001520015,-0.120627445,0.123622135,258,0.980616092,0.98951784
Metabolite_26,Metabolite_21,0.041582215,-0.080953956,0.16288014,258,0.506080097,0.65122975
Metabolite_27,Metabolite_21,0.017083186,-0.105261487,0.13891843,258,0.784788557,0.866210924
Metabolite_28,Metabolite_21,0.409899203,0.302938946,0.506661327,258,7.10E-12,7.23E-11
Metabolite_29,Metabolite_21,0.469117956,0.368080617,0.559205544,258,1.60E-15,2.13E-14
Metabolite_30,Metabolite_21,0.053917964,-0.068659206,0.174891418,258,0.388427315,0.54153369
Metabolite_23,Metabolite_22,-0.042500153,-0.163775173,0.080040351,258,0.496728711,0.642823051
Metabolite_24,Metabolite_22,-0.092292779,-0.212028024,0.030172369,258,0.139300686,0.251647419
Metabolite_25,Metabolite_22,0.194574971,0.074213398,0.309349136,258,0.001688167,0.005840337
Metabolite_26,Metabolite_22,0.609948228,0.527085763,0.681321667,258,1.11E-27,2.99E-26
Metabolite_27,Metabolite_22,0.07685093,-0.045703081,0.197125887,258,0.218609168,0.355812106
Metabolite_28,Metabolite_22,0.254846372,0.136984697,0.36559304,258,3.44E-05,0.000166287
Metabolite_29,Metabolite_22,0.074595499,-0.047966544,0.194944625,258,0.232467298,0.372651969
Metabolite_30,Metabolite_22,0.1227547,0.000639215,0.241262893,258,0.048882707,0.108267245
Metabolite_24,Metabolite_23,-0.039151549,-0.16050916,0.083372154,258,0.531279897,0.673296661
Metabolite_25,Metabolite_23,-0.08629898,-0.20625032,0.03620769,258,0.166966937,0.289694
Metabolite_26,Metabolite_23,0.005487139,-0.116716142,0.127526749,258,0.93010781,0.959356718
Metabolite_27,Metabolite_23,0.509033729,0.412555495,0.594218727,258,2.06E-18,3.33E-17
Metabolite_28,Metabolite_23,0.008108047,-0.114130032,0.130104286,258,0.896879534,0.938949475
Metabolite_29,Metabolite_23,-0.03031567,-0.151878437,0.092150568,258,0.627897189,0.751205537
Metabolite_30,Metabolite_23,0.341844751,0.229292128,0.445376331,258,1.75E-08,1.31E-07
Metabolite_25,Metabolite_24,-0.066496985,-0.187102602,0.056083534,258,0.287287263,0.436013336
Metabolite_26,Metabolite_24,-0.075031631,-0.195366508,0.047528956,258,0.229740338,0.369382013
Metabolite_27,Metabolite_24,-0.008958237,-0.130940053,0.113290774,258,0.88613637,0.932244734
Metabolite_28,Metabolite_24,-0.102363043,-0.221716413,0.020012199,258,0.10089666,0.194832927
Metabolite_29,Metabolite_24,-0.113511649,-0.232414839,0.008734502,258,0.068713128,0.143066518
Metabolite_30,Metabolite_24,0.021598776,-0.100792157,0.143345733,258,0.72988134,0.827723164
Metabolite_26,Metabolite_25,0.209455937,0.08962342,0.323310773,258,0.000710082,0.002668126
Metabolite_27,Metabolite_25,0.132761984,0.010812221,0.250820359,258,0.033042806,0.078063554
Metabolite_28,Metabolite_25,0.087095957,-0.035405707,0.207019046,258,0.163068004,0.284415787
Metabolite_29,Metabolite_25,0.008885583,-0.1133625,0.130868638,258,0.887053653,0.932706648
Metabolite_30,Metabolite_25,0.192466154,0.072034247,0.307366588,258,0.001899326,0.006490377
Metabolite_27,Metabolite_26,0.274851558,0.158031001,0.384084349,258,7.47E-06,4.02E-05
Metabolite_28,Metabolite_26,0.517981957,0.422589289,0.60202385,258,4.10E-19,6.97E-18
Metabolite_29,Metabolite_26,0.304182364,0.189081345,0.411038069,258,6.34E-07,3.96E-06
Metabolite_30,Metabolite_26,0.334843615,0.221788083,0.439016086,258,3.54E-08,2.56E-07
Metabolite_28,Metabolite_27,0.312401954,0.197824301,0.418558145,258,3.02E-07,1.96E-06
Metabolite_29,Metabolite_27,0.216520092,0.096958862,0.329921208,258,0.000460775,0.00180503
Metabolite_30,Metabolite_27,0.800361017,0.751711329,0.84034708,258,8.14E-59,6.46E-57
Metabolite_29,Metabolite_28,0.919777721,0.898589319,0.936686721,258,5.49E-106,9.31E-104
Metabolite_30,Metabolite_28,0.351148096,0.239284501,0.453811901,258,6.69E-09,5.20E-08
Metabolite_30,Metabolite_29,0.262090309,0.144593356,0.372298909,258,2.01E-05,0.000100882
