"VARIABLE1_LABEL","EFFECT","EFFECT_L95","EFFECT_U95","N","P","P_FDR"
"N03AF04",0.0107703648727903,3.01493822190225e-121,3.84753354647013e+116,2,0.974,0.984130757800891
"N06BA01",0.0107703452030436,3.33413325677359e-29,3.47917515165475e+24,40,0.884,0.984130757800891
"N05AB06",0.0107703575898906,1.31048352466577e-44,8.85174063090175e+39,16,0.927,0.984130757800891
"J05AH01",0.0107703648727903,3.01493822190157e-121,3.847533546471e+116,2,0.974,0.984130757800891
"B02BD02",0.00396213921059521,1.6905943002801e-30,9.28581571671881e+24,102,0.863,0.984130757800891
"B03BB01",0.010770362811073,3.8516905732704e-71,3.01168312655117e+66,6,0.955,0.984130757800891
"L01XB01",0.0107703653652107,2.36068466175204e-170,4.91386130386569e+165,1,0.982,0.986351550960118
"A02BA01",0.0107703648727901,3.01493822189694e-121,3.84753354647647e+116,2,0.974,0.984130757800891
"N05AG02",0.00396213921059523,1.69059430028452e-30,9.28581571669453e+24,102,0.863,0.984130757800891
"H03AA02",0.010770362811073,3.8516905732704e-71,3.01168312655117e+66,6,0.955,0.984130757800891
"G03GA01",0.010770354013086,1.1826906410182e-37,9.80818834140183e+32,23,0.912,0.984130757800891
"H03AA05",0.0107703653652107,2.36068466175204e-170,4.91386130386569e+165,1,0.982,0.986351550960118
"L03AX13",0.00396213748901316,2.29658126139474e-29,6.83560984570149e+23,111,0.858,0.984130757800891
"A07EB01",0.0107703472827398,1.22752480060967e-30,9.44994191019261e+25,36,0.89,0.984130757800891
"L04AC05",0.0107703618184282,5.69841459034785e-62,2.03566609379993e+57,8,0.948,0.984130757800891
"B02BD06",0.0107703446736507,7.05118424586838e-29,1.64511832827522e+24,41,0.883,0.984130757800891
"N05AX13",0.0107703622782167,4.60268995880924e-66,2.52028063245963e+61,7,0.951,0.984130757800891
"L01XE08",0.0107703529083716,3.16512506763655e-36,3.66495791768154e+31,25,0.908,0.984130757800891
"A16AX03",0.0107703570890896,2.3383128074267e-43,4.96086714566471e+38,17,0.924,0.984130757800891
"M04AB01",0.0107703551241787,2.79250687540743e-39,4.15399333561162e+34,21,0.916,0.984130757800891
"L03AB01",0.0107703332999311,8.11251376477216e-24,14298906942423138304,63,0.855,0.984130757800891
"R01AA03",0.0107703585998314,1.67272966436482e-47,6.9348100198254e+42,14,0.931,0.984130757800891
"C07BB12",0.0107703638520289,1.59453467932836e-86,7.27489586830129e+81,4,0.963,0.984130757800891
"L01XX23",0.0107703597344924,4.29724272820431e-51,2.69942044579011e+46,12,0.936,0.984130757800891
"N02CX01",8.87390458784911,1.24042784202055,63.4830821807246,129,0.0297,0.0834545454545455
"N02BA11",0.0107703597344924,4.29724272820431e-51,2.69942044579011e+46,12,0.936,0.984130757800891
"G03XA01",0.0107703358904463,1.0411129921563e-24,1.11419352238398e+20,58,0.861,0.984130757800891
"L01BC53",0.0107703653652107,2.36068466175204e-170,4.91386130386569e+165,1,0.982,0.986351550960118
"N07XX06",0.0107703607594357,1.03213862643805e-55,1.1238865392405e+51,10,0.942,0.984130757800891
"A07AA11",0.0107703612918847,1.39904753648448e-58,8.29140392536007e+53,9,0.945,0.984130757800891
"B01AA02",0.0107703540130863,1.18269064101951e-37,9.80818834139152e+32,23,0.912,0.984130757800891
"L01XA02",0.0107703622782167,4.60268995880859e-66,2.52028063245999e+61,7,0.951,0.984130757800891
"L01BC05",0.0107703602011714,3.02748028108067e-53,3.83159089715261e+48,11,0.939,0.984130757800891
"A10AE01",0.00396213044123211,7.51885840901731e-26,2.0878804705926e+20,148,0.836,0.984130757800891
"N03AG04",0.0039621399724977,4.73212897705719e-31,3.31743983263676e+25,98,0.866,0.984130757800891
"N03AD01",0.00396214073202684,1.22219992184969e-31,1.28445100508826e+26,94,0.869,0.984130757800891
"L03AB07",0.00145756169065818,1.28435630766598e-25,16541251593454526464,427,0.801,0.984130757800891
"L01XX09",0.0107703644098722,1.71455082519586e-99,6.76566409212126e+94,3,0.968,0.984130757800891
"L01XE06",0.0107703551241785,2.79250687540573e-39,4.15399333561404e+34,21,0.916,0.984130757800891
"N05AH05",0.0107703648727903,3.01493822190157e-121,3.847533546471e+116,2,0.974,0.984130757800891
"N05AG03",0.00396211749817608,6.16266645692691e-22,25473348556302152,216,0.802,0.984130757800891
"A08AX01",0.0107703426365598,1.09413770871257e-27,1.06019817784538e+23,45,0.877,0.984130757800891
"N03AX15",0.00396213120547521,3.65370424535872e-26,4.29659398659375e+20,144,0.838,0.984130757800891
"L01CD02",0.0107703622782166,4.60268995880466e-66,2.52028063246213e+61,7,0.951,0.984130757800891
"J01XB01",0.0107703436839104,2.9136786567453e-28,3.98123186306087e+23,43,0.88,0.984130757800891
"R05FB02",0.0107703622782167,4.60268995880859e-66,2.52028063245999e+61,7,0.951,0.984130757800891
"G03AC06",0.010770343153906,5.71024182475324e-28,2.03144271666466e+23,44,0.879,0.984130757800891
"B01AC06",0.0107703628110729,3.85169057326908e-71,3.01168312655203e+66,6,0.955,0.984130757800891
"H05BX02",0.0107703390233127,6.05454902394577e-26,1.91591813392395e+21,52,0.868,0.984130757800891
"N02BA14",0.00396214092058445,8.59544425005827e-32,1.82638153629621e+26,93,0.87,0.984130757800891
"J06BA01",0.0107703249599304,1.47602896279458e-21,78589175867440752,79,0.838,0.984130757800891
"N04BX01",0.0107703420982637,2.0522459685177e-27,5.65235701242067e+22,46,0.876,0.984130757800891
"R06AE53",0.0107703648727903,3.01493822190157e-121,3.847533546471e+116,2,0.974,0.984130757800891
"N01BX04",59.7824067073071,8.00269689002108,446.591467955555,20,6.69e-05,0.00031158904109589
"C02KX02",0.0107703644098722,1.71455082519586e-99,6.76566409212126e+94,3,0.968,0.984130757800891
"B02BX04",0.0107703644098721,1.71455082519415e-99,6.76566409212761e+94,3,0.968,0.984130757800891
"J01GB01",0.0107703555789086,3.48734088205533e-40,3.32633267636748e+35,20,0.918,0.984130757800891
"B02BX05",0.0107703632791347,1.12917138297534e-77,1.02730840431747e+73,5,0.959,0.984130757800891
"M05BA03",0.0107703306733048,5.01839174310393e-23,2311497960910138368,68,0.85,0.984130757800891
"C02KX01",28.3966146056253,3.90362160152621,206.569130764403,41,0.000949,0.00386419161676647
"H01CA02",0.0107703644098723,1.71455082519654e-99,6.76566409211857e+94,3,0.968,0.984130757800891
"G03GA06",0.0107703622782166,4.60268995880322e-66,2.52028063246292e+61,7,0.951,0.984130757800891
"N03AX18",0.0107703265762817,6.31538043449489e-22,183678458903543936,76,0.841,0.984130757800891
"P01BA01",0.0107703653652107,2.36068466175204e-170,4.91386130386569e+165,1,0.982,0.986351550960118
"C09CA04",0.010770342098264,2.05224596851772e-27,5.65235701242095e+22,46,0.876,0.984130757800891
"L01DB06",0.010770363852029,1.59453467932836e-86,7.27489586830129e+81,4,0.963,0.984130757800891
"R06AX25",0.00396212393930083,1.28274514421237e-23,1223814892709644288,182,0.818,0.984130757800891
"N07XX04",0.0107703555789088,3.48734088205697e-40,3.32633267636602e+35,20,0.918,0.984130757800891
"H03BA02",13.522168815766,1.88265179515336,97.1231376682593,85,0.00963,0.030888679245283
"N06BA07",0.00396212147598498,6.35202513396747e-23,247140183789797664,195,0.812,0.984130757800891
"L02AB01",0.00396213595668255,1.81273644407943e-28,8.6601234230766e+22,119,0.853,0.984130757800891
"J01CE01",0.0107703632791347,1.12917138297534e-77,1.02730840431747e+73,5,0.959,0.984130757800891
"C04AX02",0.0107703618184281,5.69841459034478e-62,2.03566609380092e+57,8,0.948,0.984130757800891
"L03AB08",0.0107703286635114,1.87673368465153e-22,618095047095590656,72,0.845,0.984130757800891
"G03DA04",0.00145756568295649,2.95587901858398e-27,7.18736357873731e+20,370,0.814,0.984130757800891
"N05BB01",0.0107703648727903,3.01493822190157e-121,3.847533546471e+116,2,0.974,0.984130757800891
"L01XD03",0.0107703622782166,4.60268995880466e-66,2.52028063246213e+61,7,0.951,0.984130757800891
"L01XE07",0.0107703462861825,6.82836129479556e-30,1.69880230579915e+25,38,0.887,0.984130757800891
"N06BX03",0.00396212318145159,2.13627914670066e-23,734848726545931776,186,0.816,0.984130757800891
"H01AC01",0.00396213406363781,1.82095323823301e-27,8.62103760197177e+21,129,0.847,0.984130757800891
"J02AC04",0.0107703551241787,2.79250687540747e-39,4.15399333561168e+34,21,0.916,0.984130757800891
"A03CA05",0.00145757150558031,1.82802228289148e-30,1.16219299609367e+24,287,0.836,0.984130757800891
"G02AB01",0.0107703648727903,3.01493822190157e-121,3.847533546471e+116,2,0.974,0.984130757800891
"A03BB01",0.00396212528731252,5.03921401378952e-24,3115255027749050880,175,0.822,0.984130757800891
"J01CE09",0.0107703565861365,3.27023506273491e-42,3.54716339245414e+37,18,0.922,0.984130757800891
"A08AA10",0.00396211957020634,1.95773189334302e-22,80186625870438224,205,0.807,0.984130757800891
"J02AC03",0.0107703524818764,1.4176091004058e-35,8.18282646116308e+30,26,0.907,0.984130757800891
"B01AC11",0.0107703436839107,2.91367865674833e-28,3.98123186305697e+23,43,0.88,0.984130757800891
"C05AA05",0.0107703581691445,5.5311109559638e-46,2.09723898173809e+41,15,0.929,0.984130757800891
"L02BX03",0.0107703452030436,3.33413325677393e-29,3.47917515165443e+24,40,0.884,0.984130757800891
"N02CC02",1.51645642728996,0.213322720462666,10.7800992359438,750,0.677,0.984130757800891
"A04AD12",0.00396213538694944,3.73100796385836e-28,4.20758062608975e+22,122,0.851,0.984130757800891
"N06BA04",0.00396213652971512,8.56562690326363e-29,1.83273519351182e+23,116,0.854,0.984130757800891
"B01AF02",0.0107703585998314,1.67272966436389e-47,6.93481001982924e+42,14,0.931,0.984130757800891
"A10AB02",0.010770362811073,3.8516905732704e-71,3.01168312655117e+66,6,0.955,0.984130757800891
"A10AE02",0.00396212891328325,2.92703961704539e-25,53632569351150788608,156,0.832,0.984130757800891
"C09AA16",0.00145756008429592,4.78303232294076e-25,4441704040223871488,450,0.796,0.984130757800891
"M04AC01",0.0107703648727903,3.01493822190157e-121,3.847533546471e+116,2,0.974,0.984130757800891
"R01AC03",0.00145756562439567,3.1815545147407e-27,6.67754564498823e+20,371,0.814,0.984130757800891
"N07BB04",0.0107703498504658,8.31283720183562e-33,1.39543735892981e+28,31,0.898,0.984130757800891
"L01XE02",0.0107703570890896,2.3383128074267e-43,4.96086714566471e+38,17,0.924,0.984130757800891
"C10AC02",0.398775031352036,0.0561642116426802,2.83136753777513,2849,0.358,0.652654155495979
"R03BA07",0.00145757277021307,2.37957729760033e-31,8.92813350761527e+24,269,0.841,0.984130757800891
"N05AE03",4.16062955120842,0.583951444713855,29.6443110451954,274,0.155,0.331446540880503
"L04AB06",0.0107703353164847,1.60273105079812e-24,72376536769380524032,59,0.86,0.984130757800891
"L04AB05",0.0107703228909558,4.25834133428392e-21,27240619309103400,83,0.834,0.984130757800891
"L04AX04",2.87555748650673,0.404036399113836,20.4655592326354,396,0.291,0.563760683760684
"G02CB03",3.21769826252871,0.451976371398522,22.9073526048361,354,0.243,0.486
"B01AC22",0.00396211690665266,8.29919197803038e-22,18915540721963604,219,0.801,0.984130757800891
"L04AD02",0.000536196008635083,3.84621198617989e-30,7.47504715572766e+22,826,0.806,0.984130757800891
"C09BB10",0.0014575730430586,1.47085944747729e-31,1.44440665591463e+25,265,0.843,0.984130757800891
"A10BD04",0.010770354013086,1.1826906410182e-37,9.80818834140183e+32,23,0.912,0.984130757800891
"G04BE04",0.00396211806807699,4.54757680129233e-22,34520317679782684,213,0.804,0.984130757800891
"B01AC24",0.00396212492897158,6.61838730635773e-24,2371942472707480576,177,0.821,0.984130757800891
"N02AA03",7.59879736462047,2.84234428006761,20.3148231526652,602,5.3e-05,0.000248551724137931
"G03FB11",0.00396212663387867,1.86844903941334e-24,8401860115927919616,168,0.825,0.984130757800891
"A10BH05",0.00145757403297085,2.49688570259817e-32,8.50868767993743e+25,251,0.847,0.984130757800891
"R01AC07",2.13905418983852,0.300743240766951,15.2141501680876,532,0.447,0.779384615384615
"L01BC04",0.00396212794913744,6.49823921939186e-25,24158017818871705600,161,0.829,0.984130757800891
"N03AA03",1.33470722390074,0.333510275674158,5.34149471086553,1704,0.683,0.984130757800891
"A10BX04",0.00396214073202705,1.22219992185151e-31,1.28445100508649e+26,94,0.869,0.984130757800891
"N07XX02",0.00145756205095128,9.51509539913573e-26,22327544215334502400,422,0.802,0.984130757800891
"L01XX17",54.0888388981623,7.27532466730971,402.12672659091,22,9.67e-05,0.000444297297297297
"H05AA03",0.0107703555789087,3.48734088205593e-40,3.32633267636692e+35,20,0.918,0.984130757800891
"A04AA03",3.21769826252864,0.451976371398482,22.9073526048371,354,0.243,0.486
"L03AA10",0.0107703317451759,2.48203647676846e-23,4673583445968282624,66,0.852,0.984130757800891
"J01DD04",0.0107703498504658,8.31283720183562e-33,1.39543735892981e+28,31,0.898,0.984130757800891
"C07AG01",0.473223218659679,0.066634328159984,3.36073343668992,2401,0.454,0.789565217391304
"R03AK08",0.00396212069505583,1.00662307283126e-22,155951128340778976,199,0.81,0.984130757800891
"B01AC05",0.0107703581691445,5.53111095596513e-46,2.09723898173759e+41,15,0.929,0.984130757800891
"C09DB02",1.98572645811252,0.279222819363528,14.121731079989,573,0.493,0.841904761904762
"A12AA07",0.0107703555789087,3.48734088205617e-40,3.32633267636668e+35,20,0.918,0.984130757800891
"R03CA02",0.00145757255885028,3.38970945533637e-31,6.26755122321405e+24,272,0.841,0.984130757800891
"N02CC07",0.00145756751255622,3.90501031981695e-28,5.4404543897823e+21,344,0.821,0.984130757800891
"N05BA09",2.49660104330837,0.935910816330338,6.65984051118014,1824,0.0676,0.1666
"R05CB02",0.010770331745177,2.48203647677153e-23,4673583445963368448,66,0.852,0.984130757800891
"G03DB01",0.184439012705424,0.0262388632077112,1.29646429948057,6158,0.0893,0.206544217687075
"A08AB01",0.00053619750641555,4.1284006617575e-31,6.96414397346456e+23,768,0.813,0.984130757800891
"C05BA04",0.0107703306733049,5.01839174310721e-23,2311497960908692992,68,0.85,0.984130757800891
"N01BB02",0.0107703332999311,8.11251376477245e-24,14298906942422630400,63,0.855,0.984130757800891
"G04BE01",0.000197240477673678,1.00479769071812e-29,3.8718048809543e+21,2399,0.774,0.984130757800891
"L04AC03",0.0107703301970278,7.05396238936956e-23,1644465991593935616,69,0.848,0.984130757800891
"L04AB01",0.544464459913192,0.0766571817298006,3.86710731361679,2087,0.543,0.911703703703704
"L01XE05",0.00396213195915287,1.72177665380692e-26,9.11761094392271e+20,140,0.84,0.984130757800891
"N06AX22",0.0107703405035711,1.2048012674239e-26,9.62816339087153e+21,49,0.872,0.984130757800891
"L01XE10",0.0107703551241789,2.79250687540942e-39,4.1539933356089e+34,21,0.916,0.984130757800891
"L01XE11",0.0107703570890897,2.3383128074272e-43,4.9608671456638e+38,17,0.924,0.984130757800891
"N05AE04",0.00145757115596156,3.11385368803119e-30,6.82277938381361e+23,292,0.835,0.984130757800891
"A02BA07",0.0107703270895481,4.70556638029571e-22,246516436579442784,75,0.842,0.984130757800891
"C09XA02",0.00396212568472162,3.81879481940267e-24,4110836188885949440,173,0.823,0.984130757800891
"M01AE14",0.00396211996575846,1.57355548943355e-22,99763845180401152,203,0.808,0.984130757800891
"C02DC01",0.010770356073775,3.70316357541962e-41,3.13247221175634e+36,19,0.92,0.984130757800891
"L01AB01",0.0107703555789086,3.48734088205637e-40,3.32633267636649e+35,20,0.918,0.984130757800891
"A09AA02",2.03269685141285,1.2246352965506,3.3739485554449,8400,0.00607,0.020638
"M01AC05",0.0107703385060373,1.00569729617446e-25,1.15343048028348e+21,53,0.867,0.984130757800891
"N02CC06",0.000536186137624431,1.31633617193993e-25,2184058907664237568,1209,0.767,0.984130757800891
"L01XE03",2.13905418983878,0.300743240767001,15.2141501680888,532,0.447,0.779384615384615
"N07AA02",0.623760161815028,0.259533838559981,1.4991368432968,9108,0.291,0.563760683760684
"H01CB03",4.28641454629891,1.06914443769315,17.1850958719538,532,0.0399,0.107241106719368
"L03AB05",0.000536182964519176,1.38447059563215e-24,207654949370232928,1332,0.756,0.984130757800891
"C08CA06",0.00145756337643619,2.89374347419943e-26,73416701074922184704,403,0.807,0.984130757800891
"R03BC01",0.692319191958282,0.173061639405746,2.7695673356591,3283,0.603,0.984130757800891
"B03BA01",0.657656323100781,0.0925828056101719,4.671621652249,1728,0.675,0.984130757800891
"N03AG06",0.0014575699632413,1.7271333041307e-29,1.23007887848734e+23,309,0.83,0.984130757800891
"R06AE03",0.877062589750241,0.123446095926066,6.23137394964771,1296,0.896,0.984130757800891
"G03HB01",0.000536194077620282,4.97515795566878e-29,5.77879318479683e+21,901,0.798,0.984130757800891
"N04BC09",3.52215060418327,0.878925882309852,14.1144380069299,647,0.0754,0.179901754385965
"G04BE08",0.00145757395126221,2.84794257468812e-32,7.45984782937839e+25,252,0.846,0.984130757800891
"N02CC05",0.000536184744821266,3.85817963096377e-25,745154731189206400,1263,0.762,0.984130757800891
"C10AB04",0.412223944492664,0.132926588046033,1.27836411744988,8267,0.125,0.275974025974026
"G04BE09",0.00396211197103601,8.66862908362079e-21,1810935860745092,245,0.79,0.984130757800891
"N04BC02",0.000197244830861518,1.47457957017929e-32,2.63841464295198e+24,1940,0.796,0.984130757800891
"L01AX03",10.1416129746794,1.41608972382856,72.631212554889,113,0.0211,0.0613162393162393
"N07BC02",3.47027657771778,1.11720358076166,10.7794315496611,985,0.0314,0.0867967479674797
"H01CB02",1.00602789695241,0.251431845303147,4.02531400995057,2260,0.993,0.994462444771723
"R03AC18",0.000536173712927929,2.8636943526753e-22,1003885942528570,1691,0.726,0.984130757800891
"R03CC03",5.27102208501759,1.31394368689829,21.1452546237576,433,0.019,0.0561739130434783
"A02BB01",0.000197245191792867,7.74623943891013e-33,5.0225229922506e+24,1902,0.798,0.984130757800891
"G02BA03",0.00396211616069308,1.22269304417425e-21,12839170506140570,223,0.799,0.984130757800891
"N05AN01",0.936755658418989,0.582101340822883,1.50748864852211,20628,0.788,0.984130757800891
"G03FA17",0.000197233319073659,1.72231625223253e-26,2258643388076188160,3154,0.742,0.984130757800891
"A10BX07",0.00145755952183949,7.38179940793167e-25,2877997141756828160,458,0.794,0.984130757800891
"N02CC04",0.000197239871117512,2.15205315520443e-29,1.8077419075068e+21,2463,0.771,0.984130757800891
"L01DB03",0.0107703581691444,5.5311109559616e-46,2.09723898173887e+41,15,0.929,0.984130757800891
"G03DB02",0.00145756681613377,8.73314036960783e-28,2.43268851018106e+21,354,0.818,0.984130757800891
"A07EC03",0.857850809879825,0.120744059888623,6.09477611312963,1325,0.878,0.984130757800891
"B03XA03",2.95035519092032,0.736495163130998,11.8189449005821,772,0.127,0.27858064516129
"L01CB01",5.28304665838347,0.740768413550244,37.677878111583,216,0.0968,0.220885906040268
"G04BE03",0.000197232256058084,4.14609430628647e-26,938245972137652608,3266,0.738,0.984130757800891
"A10BH03",2.08028746331936,0.292495668197914,14.7954188747694,547,0.464,0.802227848101266
"J05AH02",0.00396212911284959,2.48399931105884e-25,63198355317572845568,155,0.832,0.984130757800891
"R03DA05",2.03025525781004,1.2429888285785,3.31614920190329,8971,0.00467,0.0168914893617021
"A10BX03",0.000536199001423131,3.38895963074435e-32,8.4837059290675e+24,710,0.82,0.984130757800891
"R01AC02",0.000536182863718744,1.48637077850054e-24,193418807409317088,1336,0.755,0.984130757800891
"J01XX08",6.99022179950384,1.74067883469465,28.071347702019,327,0.00612,0.0207029702970297
"L02BB01",0.816224810675678,0.204018955210742,3.26549531083701,2785,0.774,0.984130757800891
"L04AX02",3.99964004301955,0.997789552444204,16.0325596059195,570,0.0504,0.130311787072243
"N05AB02",0.000197242669426434,4.88320996214366e-31,7.96702802952732e+22,2168,0.785,0.984130757800891
"L02AE01",0.281449346776934,0.0397008715932544,1.99526437637762,4036,0.205,0.42370820668693
"M03BX01",2.13238395785509,1.14647832755436,3.96611190498248,5338,0.0168,0.0505486725663717
"G03CA57",0.000536196860774141,1.11324990821421e-30,2.58259238453688e+23,793,0.81,0.984130757800891
"G04BD01",0.608662851491996,0.0856897517974668,4.32339292640265,1867,0.62,0.984130757800891
"N02AA01",1.8252097632002,0.588079995778392,5.66485971907928,1870,0.298,0.570816901408451
"G03DC02",0.000197230170915648,2.05496828643471e-25,189296061531466048,3486,0.729,0.984130757800891
"H05AA02",2.97763966099542,1.11600842036365,7.94468732399331,1530,0.0293,0.0826721991701245
"L04AB04",1.15841072676515,0.289489263066117,4.63545831604155,1963,0.835,0.984130757800891
"M01CB03",0.689798001671211,0.309783684761601,1.53597915744263,9884,0.363,0.65824
"C09BB02",2.7508973638488,1.37435633590798,5.50616758457388,3312,0.00426,0.0156951351351351
"N06AX12",1.42155586928223,0.199989246889475,10.1046487294769,800,0.725,0.984130757800891
"N06AX17",2.37256507754203,0.986506499467632,5.70605976768498,2399,0.0537,0.13676404494382
"R03BB02",0.931545230660904,0.349447719780636,2.48327995189615,4881,0.887,0.984130757800891
"B01AB10",7.67544987824213,2.46583927631063,23.8914723272441,447,0.000435,0.001853
"L04AA06",1.08621566998465,0.350105898161483,3.37002172175915,3140,0.886,0.984130757800891
"C01BA01",1.04445213772898,0.618306428787945,1.76430361583831,15239,0.871,0.984130757800891
"G03DC03",0.000197238078779488,1.73291013216044e-28,2.24494386631134e+20,2652,0.763,0.984130757800891
"A06AD12",2.83106595537267,1.06114012214995,7.55313485596161,1609,0.0377,0.102
"A10BD05",1.08241955002952,0.348883003264054,3.35823777978474,3151,0.891,0.984130757800891
"L02AB02",0.98722568165137,0.246735527450416,3.95003733991195,2303,0.986,0.988908554572271
"L02BA03",3.86375055079995,1.24363330318612,12.0039952939189,885,0.0194,0.0571082251082251
"C09BB05",0.534167145201526,0.26705477705454,1.06844948500762,17012,0.0763,0.180780487804878
"B01AE05",4.07115244504295,0.571437211293656,29.0045553618346,280,0.161,0.341059190031153
"C10AB02",0.242257317015739,0.0910574612072416,0.644522775723915,18745,0.00451,0.0164
"M03AX01",4.48953738239703,0.629935781798355,31.9968264866598,254,0.134,0.292051282051282
"C01BD07",0.835141551851611,0.117550009754212,5.93331649301823,1361,0.857,0.984130757800891
"H02AB01",6.90523303873966,1.7196041277771,27.7286164583355,331,0.00644,0.0215724137931034
"C01BA03",0.414403918816602,0.20719878482321,0.828820536168126,21921,0.0127,0.0394337899543379
"C01BB02",0.000197224974157776,6.16530874905583e-24,6309122870365973,4034,0.71,0.984130757800891
"L04AD01",1.05614898463046,0.612986291432864,1.81969922219397,13994,0.844,0.984130757800891
"N04BC01",1.20065022796395,0.168943677948938,8.53279026129401,947,0.855,0.984130757800891
"M05BA02",3.04719441743192,2.0573851363557,4.51320156520413,9352,2.7e-08,1.61052631578947e-07
"L02AA02",2.09570036843499,0.523420765486358,8.39087847456261,1086,0.296,0.568587570621469
"J01CF05",0.00396212225221249,3.95101492220322e-23,397326080781373184,191,0.814,0.984130757800891
"M01CC01",0.000536193507930755,9.92966487409278e-29,2.89539960907648e+21,923,0.795,0.984130757800891
"N05AA01",1.05226775021852,0.622932080710696,1.77750906148016,15126,0.849,0.984130757800891
"A14AB01",2.50787157011155,1.19444169772111,5.26557288160103,3178,0.0151,0.0460448430493274
"J01CF01",0.00145755608429615,8.38253544275653e-24,253439994781591424,507,0.784,0.984130757800891
"G02CB01",2.59897494332309,1.43808556984382,4.69698806362045,4820,0.00156,0.00609655172413793
"L03AB04",0.000536198512036989,7.94277357382753e-32,3.61975375022728e+24,729,0.818,0.984130757800891
"L02BG06",2.71048102442285,1.29085478582095,5.69135077349855,2941,0.00843,0.0275596153846154
"L02BG04",2.41221734214345,1.79984944554518,3.2329329101052,21264,3.78e-09,2.40224299065421e-08
"G03FB08",0.000197219598793356,1.07469323915646e-22,361922535017917,4601,0.691,0.984130757800891
"A11CC02",0.227815327296082,0.0856735055128799,0.605786153377587,19932,0.00303,0.0114466666666667
"G03FA14",7.25367102773666e-05,4.51460401079942e-26,116545644430306416,9277,0.702,0.984130757800891
"R03BA08",1.38431005212408,0.659556397701532,2.90545937707508,5751,0.39,0.699736147757256
"G03FB05",0.138939927136025,0.0454753284112546,0.42450058145784,24511,0.000533,0.0022511801242236
"G03FB06",0.162930744316264,0.0682762199210201,0.388809273187061,34816,4.34e-05,0.000207830985915493
"L01BB05",0.00145757213809982,6.76070260619452e-31,3.14244933036736e+24,278,0.839,0.984130757800891
"J01XX01",0.00396212813374873,5.55678025085768e-25,28250999030994767872,160,0.829,0.984130757800891
"C05AA01",0.00145756205095131,9.51509539913593e-26,2.2327544215335e+19,422,0.802,0.984130757800891
"G03BB01",0.890123113960109,0.125282940190086,6.3242382147473,1277,0.907,0.984130757800891
"C01BC03",0.687916792339669,0.308939062828684,1.53178917826044,9911,0.36,0.654545454545455
"N06AG02",1.57649238143258,0.992713502562625,2.5035704886649,12991,0.0537,0.13676404494382
"N02CC03",0.299804862622215,0.0422701379324079,2.12639371547953,3789,0.228,0.462805970149254
"J02AB02",0.0014575474656219,1.01483009073416e-21,2093399312789342,630,0.759,0.984130757800891
"L02BA02",1.39707549911273,0.196549414896553,9.93042869778245,814,0.738,0.984130757800891
"A03BA03",0.833915123231026,0.117377509507507,5.92459693233601,1363,0.856,0.984130757800891
"L01AA02",2.19639148408153,0.913315965103651,5.2820006828616,2591,0.0788,0.185882352941176
"G01AF05",0.00145755329005702,4.75847578473072e-23,44645842271030064,547,0.775,0.984130757800891
"L02BX02",0.00145755006623225,2.80871848651785e-22,7563777593843023,593,0.766,0.984130757800891
"C01CA24",0.00019724590204772,2.05074724133203e-33,1.89715948852614e+25,1827,0.802,0.984130757800891
"M05BA08",1.48668199996336,0.209139665581016,10.5681691843332,765,0.692,0.984130757800891
"N03AX11",1.24442999462029,0.46675622951671,3.3178046988556,3655,0.662,0.984130757800891
"N05AB01",0.362610430340075,0.051081971819323,2.5740260116912,3133,0.31,0.588826815642458
"N05AX12",2.83010786703152,1.17654421105718,6.80765793903895,2012,0.0202,0.0589527896995708
"C09DX01",0.00019722200578534,3.20096967177235e-23,1215148019333023,4347,0.699,0.984130757800891
"L01XX35",1.58857024270199,0.22345321059975,11.2934399520375,716,0.644,0.984130757800891
"R03DX07",0.00396213080790751,5.26081106584003e-26,2.98404187918941e+20,146,0.837,0.984130757800891
"M04AA03",0.0107703306733045,5.018391743103e-23,2311497960910433792,68,0.85,0.984130757800891
"L01CA04",0.00145755846595374,1.61639753499218e-24,1314328088036657664,473,0.791,0.984130757800891
"N05AF01",1.29034460136306,0.832068649523951,2.00102382323788,17629,0.255,0.505539358600583
"N05AF05",1.13224090904069,0.657137906859445,1.95083781155163,13055,0.655,0.984130757800891
"L01XE04",0.00145756233274309,7.45618420169744e-26,28492964985331736576,418,0.803,0.984130757800891
"N07BB01",0.928945352346088,0.299438452455081,2.88185922873365,3671,0.898,0.984130757800891
"A07EA06",2.78056935399642,1.53849430855998,5.02541081196509,4506,0.000708,0.00295361963190184
"G03CX01",0.0299396213081379,0.00423801206169978,0.211509762366081,37871,0.000436,0.001853
"C09BB04",2.1247289798017,1.20579267808077,3.74398793397447,6429,0.00912,0.0293914691943128
"C04AX01",0.203183158361875,0.0288157756763562,1.43266647775095,5590,0.11,0.246864686468647
"N05BE01",1.97102131304573,1.20673925021109,3.21935746749014,9240,0.00671,0.0223666666666667
"C07FB03",0.224985706782418,0.0564411367006561,0.89683821438337,10095,0.0345,0.09384
"H04AA01",5.32479315445255,1.71265795930679,16.5552158173959,643,0.00386,0.0143431693989071
"L03AA02",3.00373250643213,1.24864065436229,7.22578504766449,1896,0.0141,0.0431891891891892
"C02AC01",0.119533271460735,0.0175159341162353,0.815726006463015,9507,0.0302,0.0845102880658436
"G03XC01",1.1906542987488,0.595137115525091,2.38206897561446,7640,0.622,0.984130757800891
"A10AB06",1.79786343776197,0.898478548006601,3.59754047329524,5063,0.0974,0.221511705685619
"A10AB04",1.19852902116366,0.875245627625465,1.64122135459123,37011,0.259,0.511976744186047
"A12AA05",3.83332601489958,1.23385915924737,11.9092914506298,892,0.0202,0.0589527896995708
"H05BX01",3.97199437791411,1.48805163854863,10.6022794703342,1148,0.0059,0.0203654822335025
"A12AA06",0.519476366039333,0.194908071764536,1.38452806202627,8748,0.19,0.396319018404908
"A12AA10",0.77528107569298,0.109130079023995,5.50774590931532,1466,0.799,0.984130757800891
"A12AA12",1.38095922878981,0.34505777624756,5.52675094680827,1647,0.648,0.984130757800891
"A12AA08",1.36890272594001,0.909214448321773,2.06100406405201,19113,0.133,0.2908038585209
"G03DA02",0.27892698881035,0.0900302089739301,0.864157330894764,12214,0.0269,0.0771814345991561
"N03AX14",2.39430953839105,1.62911457627722,3.51891650170519,12370,8.83e-06,4.4477037037037e-05
"A05AA02",1.26216614504053,0.784258556886234,2.03129868803913,15318,0.338,0.624565217391304
"N07AA03",1.29220344392591,0.416456573857005,4.00951706687989,2640,0.657,0.984130757800891
"N04BC06",1.11301316762806,0.417488540710408,2.96726302764016,4086,0.831,0.984130757800891
"L01AA01",1.67653844887187,0.418838145551423,6.71090061972543,1357,0.465,0.802227848101266
"C10AB05",0.405514727588249,0.152170670630862,1.08064315948162,11204,0.0711,0.171446808510638
"N05AC01",2.02616817140341,1.33330012466443,3.07909478358559,12362,0.000942,0.00385879518072289
"N04BD02",2.99160634772227,1.77021108338601,5.05572958147649,5332,4.25e-05,0.000204964539007092
"R01BA01",1.33787013080809,0.431164418502329,4.15130843385859,2550,0.614,0.984130757800891
"R05DA09",0.00396211216097006,7.97625394635718e-21,1968133522538672,244,0.79,0.984130757800891
"N05AF03",1.33130345891686,0.986827718077765,1.79602666935256,36750,0.061,0.153062730627306
"N06AX18",1.16196628331268,0.290377174505855,4.64969619548472,1957,0.832,0.984130757800891
"B03XA02",3.66662764990018,2.70745553569974,4.96560632141199,13074,4.58e-17,3.99282051282051e-16
"C09DA02",1.11161973116112,0.615327945278915,2.00819487589922,11251,0.726,0.984130757800891
"N06AX05",1.12822134745154,0.58674557761346,2.16939582914746,9070,0.718,0.984130757800891
"N05BA02",1.37026885139604,0.939230770071151,1.9991218185537,22416,0.102,0.230431893687708
"N02CA52",0.379216409101782,0.12229437814141,1.17589285065718,8986,0.0931,0.213878378378378
"R03AC04",0.0005361889725582,1.15791078753153e-26,24829081600139272192,1099,0.777,0.984130757800891
"M01AC01",0.774980601459729,0.369314033313018,1.62624454654784,10265,0.5,0.85
"N05AH02",1.42869623379208,0.74294716113337,2.74739986264683,7165,0.285,0.556896551724138
"G03BA03",0.118201474928598,0.0381354229828881,0.366367738508242,28795,0.000216,0.000953766233766234
"A11CC03",1.70595721080883,1.22417412188173,2.377349719366,23356,0.00161,0.006256
"C10BA02",0.697174347394559,0.261555739106582,1.85831162537392,6520,0.471,0.808787878787879
"L03AA13",1.11355267482169,0.358912196963598,3.45488275431415,3063,0.852,0.984130757800891
"N03AF02",1.53554638193079,1.18104170896053,1.99646013614202,41522,0.00136,0.00540818713450292
"L01BB02",0.00145757430953485,1.46355570700284e-32,1.45161735740604e+26,247,0.848,0.984130757800891
"N06AB08",0.919755685271418,0.438285196996077,1.93013710339085,8651,0.825,0.984130757800891
"A02BA03",1.53106918664845,0.937471476739405,2.50052712265716,11889,0.0888,0.206088737201365
"N06AA10",0.837446220421836,0.348414177237565,2.01288069750568,6786,0.692,0.984130757800891
"A01AC01",0.000536193973072377,5.65182262974751e-29,5.08692497259037e+21,905,0.797,0.984130757800891
"J04BA02",1.08173666091541,0.405762271148592,2.88384181273452,4204,0.875,0.984130757800891
"R03AC12",0.827775827146071,0.66359464496487,1.03257738019214,108379,0.0938,0.214760942760943
"B01AX06",13.5307073845494,10.4403228167884,17.5358602927393,4941,2.57e-86,4.99314285714286e-85
"L04AA13",1.71963437792818,1.17019134679099,2.52705884542882,17209,0.00578,0.0200530612244898
"L01BA01",1.17085649255461,0.585244903012779,2.34244658791561,7769,0.656,0.984130757800891
"G03FB09",0.207484611953316,0.0521180141486182,0.826007377692067,10946,0.0257,0.0743659574468085
"A04AA02",1.71410804595182,0.552313715539346,5.31974186143033,1991,0.351,0.643342318059299
"A07EA02",0.68942995664181,0.222259458045599,2.13855315447414,4945,0.52,0.881795511221945
"B01AE07",9.67617521785401,6.99893926324406,13.3775081230259,4388,6.38e-43,8.85387755102041e-42
"R06AX13",0.728648123518904,0.509252563742636,1.04256340705619,46765,0.0833,0.194652920962199
"R06AX18",0.248060781167223,0.035039663400321,1.75612848931447,4579,0.163,0.344223602484472
"N03AX09",1.05713379872072,0.63702771458563,1.75429081468555,16132,0.83,0.984130757800891
"N06AA06",0.917418272955908,0.570087370010049,1.47636368007691,21062,0.723,0.984130757800891
"L01XX11",2.49249216341404,0.934372157985705,6.64886804640366,1827,0.0681,0.1666
"J04AB02",4.32226608544333,2.05738100587464,9.08046883879514,1847,0.000111,0.000506577181208054
"J01XC01",4.23264387495286,1.75866216405369,10.186876444127,1347,0.00128,0.00512
"B01AX05",16.8303401232763,11.6610912601587,24.2910669632567,1989,2.18e-51,3.22260869565217e-50
"A07AA09",5.0883400927467,2.42142569126563,10.6925457150497,1570,1.75e-05,8.6231884057971e-05
"C02CA01",0.552243316412586,0.375871071635641,0.811375770939893,53439,0.00249,0.0095123595505618
"N04BC04",1.84114165905554,1.10927661457299,3.05586772873117,9272,0.0182,0.0540436681222707
"A10BX02",1.31737434600903,0.849494149143868,2.04295128962541,17268,0.218,0.445165165165165
"M01AG01",0.763039815932583,0.317467099879562,1.83398456381563,7447,0.546,0.91448275862069
"A10BG02",1.07641082603258,0.727010617767218,1.59373224831104,26407,0.713,0.984130757800891
"C07BB02",0.780142528951155,0.597212823349779,1.01910465027279,78607,0.0686,0.1666
"R03DC01",0.699441545430252,0.397077127491921,1.2320489940177,19493,0.216,0.442409638554217
"N06AB05",1.42629964345677,1.03286775300639,1.96959452650501,29519,0.0311,0.0865959183673469
"N05AL01",1.25642328621667,0.810200044962389,1.94840704337506,18104,0.308,0.588314606741573
"N06AA04",0.847821928151064,0.440955952086466,1.6300993748982,12065,0.621,0.984130757800891
"A10BG03",1.12091532324365,0.76834676360311,1.63526576983337,27390,0.554,0.925601965601966
"R03BC03",0.776975072398546,0.417895862230162,1.44459497614321,14626,0.425,0.750649350649351
"M05BA01",1.04240371287349,0.672217994475132,1.61644810097781,21813,0.853,0.984130757800891
"M05BB04",5.09978873095673,3.16626402862302,8.21404812273469,3806,2.1e-11,1.4875e-10
"B03XA01",2.68283397207409,1.79690110212716,4.00556163786329,10193,1.39e-06,7.44251968503937e-06
"M05BX04",2.46404974905893,1.32467910514238,4.5834052505756,4621,0.0044,0.0160860215053763
"R03AC13",0.791495568265491,0.59618900332655,1.05078294146392,68881,0.106,0.238675496688742
"C09DA08",0.819257300140929,0.264095846886767,2.541435360481,4162,0.73,0.984130757800891
"L04AX01",0.962691280343665,0.650216886010548,1.42533133357396,29519,0.849,0.984130757800891
"A02BA04",0.921230775958881,0.534697353760056,1.58718971883044,16040,0.768,0.984130757800891
"G03HA01",2.5655034773118,1.5182237776311,4.33520287922811,6215,0.000432,0.001853
"A03FA02",0.866224150201583,0.433016686381476,1.73282993933269,10497,0.685,0.984130757800891
"R01AD05",0.427355938658952,0.222308105080479,0.821531442773792,23913,0.0108,0.034
"C03DB01",0.000536186060858943,1.40000087733199e-25,2053537940685535744,1212,0.766,0.984130757800891
"C09BA03",0.699217333660477,0.558135185768695,0.87596140174879,123310,0.00186,0.00718636363636364
"C09AA06",0.466062300798524,0.250699539562389,0.866431859447267,24365,0.0158,0.0479642857142857
"A10BH02",1.50852228105936,0.908942686729259,2.50361162004747,11312,0.112,0.248078175895766
"N06AX16",2.35293324530963,1.99446421975068,2.7758306226097,68995,3.44e-24,3.71301587301587e-23
"H01BA02",1.70028217439719,1.04104242587706,2.77698526084299,10708,0.034,0.09285140562249
"J01CE08",1.52279128804985,0.981916144817093,2.36160014192705,14943,0.0603,0.151866666666667
"C08CA07",0.538739259678735,0.388454754390919,0.747165497753465,75806,0.00021,0.000933333333333333
"N04BB01",0.762928977959026,0.245944847871059,2.36663069158806,4469,0.639,0.984130757800891
"C07AB08",0.781291187093226,0.656132626553488,0.93032398378955,184396,0.00559,0.0195938144329897
"R06AX26",0.39489734136912,0.164341532648873,0.948901398854447,14380,0.0378,0.102
"L01XE01",3.04754242485244,1.14217333233535,8.13144079654335,1495,0.0261,0.0752033898305085
"M03BA52",0.724660251123061,0.325435909995143,1.6136279477135,9409,0.43,0.757512953367876
"A10BD03",1.37566575782598,0.982446725774003,1.92626859819192,28120,0.0633,0.15825
"L01AA03",0.00053619075147682,2.0739263202245e-27,1.38626198609677e+20,1030,0.784,0.984130757800891
"J01FA15",0.559253849762805,0.18030673094212,1.73462669330363,6095,0.314,0.593111111111111
"N04BD01",1.89843804425266,1.53573480996985,2.34680296654642,51653,3.11e-09,2.01409523809524e-08
"C07AB05",0.717117536041543,0.598799398032326,0.858814424643981,188115,0.000301,0.00131205128205128
"M01AB51",0.298779306708526,0.0421264915942598,2.11907212632422,3802,0.227,0.462155688622755
"L01XX05",1.46226267238995,0.987550347539969,2.16516770855418,19452,0.0578,0.146111524163569
"G04BD09",1.99609747008646,1.57819088281468,2.52466615633936,39977,8.08e-09,4.90571428571429e-08
"G03FA12",0.234168158497093,0.117242080371461,0.467705164222483,38756,3.91e-05,0.000189914285714286
"R01AX03",0.623130174996442,0.233785071161454,1.66088969266536,7294,0.344,0.632216216216216
"C09DA07",0.930329083111536,0.717249243870516,1.20671051280941,69630,0.586,0.964842615012107
"H02AB02",3.42728587543277,2.27553602430092,5.1619874818504,7652,3.75e-09,2.40224299065421e-08
"M01AE11",0.616363838227397,0.231247265776231,1.64284918050459,7374,0.333,0.61700272479564
"M03BC01",0.878964724294799,0.520359210122817,1.4847032041045,18103,0.63,0.984130757800891
"N04BA03",4.18410958615308,3.38400710872668,5.17338541748083,23515,6.91e-40,9.21333333333333e-39
"M01CB01",1.47171633445778,1.12371802971586,1.9274843971824,40994,0.00499,0.0179534391534392
"C09BA06",0.579078032221038,0.275976681766637,1.21507137941655,13733,0.149,0.320632911392405
"M01AB01",0.61106084658663,0.418896276064804,0.891379034779014,50166,0.0106,0.0336822429906542
"A10BD08",0.00019722800972612,9.26917067488021e-25,41965877191088744,3714,0.721,0.984130757800891
"N05CD02",1.68609103695902,1.39888743257555,2.03226000799746,75069,4.18e-08,2.47165217391304e-07
"M01AC02",0.474607651989073,0.0668290830569839,3.37057480101159,2394,0.456,0.791020408163265
"C09AA03",0.795891422677504,0.68398954389462,0.926100643417458,240777,0.00315,0.0118342541436464
"A10AB01",1.15082677783284,0.871778632243513,1.5191956118135,49415,0.321,0.599890410958904
"G03FA01",0.153039283843605,0.0997592807872965,0.234775373424164,154893,8.18e-18,7.31894736842105e-17
"A10AD05",1.63267138903628,1.38558750167583,1.92381633159485,100627,4.76e-09,2.96954128440367e-08
"A10AD01",0.731620984615504,0.519911777925991,1.02953864069984,51230,0.073,0.175028169014084
"C09CA08",1.03469469638167,0.674331758076837,1.58763561392042,23074,0.876,0.984130757800891
"A10AE05",2.45003181607121,2.08708600249193,2.87609417752511,70496,6.34e-28,7.06754098360656e-27
"C01BD01",1.58003158282411,1.19003222057801,2.09784219246524,34586,0.00156,0.00609655172413793
"M01AB16",0.705294897834736,0.264601316544824,1.87996378630052,6445,0.485,0.830730478589421
"C10AC01",1.65325583383133,1.04103504959905,2.62551664629353,12389,0.0331,0.090758064516129
"A10AB05",1.72380824671304,1.47080497686732,2.02033234736866,101983,1.77e-11,1.26694736842105e-10
"C09CA02",0.834470225707106,0.583201814066363,1.1939958703771,40850,0.322,0.599890410958904
"N06AX21",3.32462325825112,2.77552237094196,3.98235659169019,40959,6.9e-39,9.02307692307692e-38
"A11DB",0.924918336950267,0.130176374338939,6.57165276242415,1229,0.938,0.984130757800891
"M01AH03",0.95933543176257,0.544584722493929,1.68995646154091,14219,0.886,0.984130757800891
"L04AX03",1.37809378833847,1.19576380155237,1.5882254396659,159722,9.46e-06,4.73e-05
"N02CC01",0.355314725857319,0.114597882328466,1.10166568391903,9590,0.0731,0.175028169014084
"L01BC06",1.04012300147455,0.390159880219348,2.77285265104196,4372,0.937,0.984130757800891
"A07DA03",0.897669612173175,0.336744995407374,2.39294048496345,5065,0.829,0.984130757800891
"H02BX01",2.00104522326882,0.953209224131614,4.20073776480167,3981,0.0668,0.166388278388278
"R03CC02",1.59763818837549,0.664492285821107,3.84120001905166,3560,0.295,0.568271954674221
"C07AB12",1.26796285573382,0.569316936449653,2.8239627184582,5381,0.561,0.929829683698297
"C09DB01",1.17260387130578,0.837452941658075,1.64188310841555,32976,0.354,0.647096774193548
"H02AB09",1.18491076202252,0.812204704899124,1.72864489147618,25914,0.379,0.683607427055703
"A03CA02",0.5706787825228,0.379096190369622,0.859080837779377,45756,0.00719,0.023849756097561
"C02AC05",0.908738087909189,0.728493119660128,1.1335795632526,98776,0.396,0.708631578947369
"C07AA06",0.656384447794932,0.328141567687351,1.31297155171014,13848,0.234,0.472166172106825
"L02AE03",1.42871898114652,1.09362645261716,1.86648550993208,43021,0.00889,0.0287866666666667
"L02AE02",1.81781716885006,1.57253484285113,2.10135837332215,116304,6.41e-16,5.4485e-15
"L02BB03",1.20378249827565,0.957954522220045,1.51269425587816,69943,0.112,0.248078175895766
"G04BD11",2.29185144773268,1.67341060560626,3.13884891184339,19390,2.36e-07,1.31540983606557e-06
"A10AE04",1.93694571212509,1.73467921048409,2.16279682666676,190759,7.18e-32,8.87709090909091e-31
"G04CA52",1.16395286419046,0.808471936868084,1.67573691587297,28334,0.414,0.73696335078534
"G04CB02",1.27770883070791,1.07224981065221,1.52253685647747,112300,0.00615,0.0207029702970297
"A07EC01",0.952277072185584,0.801853077548137,1.13091992486106,156322,0.577,0.952330097087378
"J02AC02",0.349514968831353,0.0874206750431986,1.39738927178057,6500,0.137,0.297635782747604
"C01BC04",0.599800759205811,0.428404218041262,0.839769861251032,64338,0.00291,0.011054748603352
"R01AC01",1.56634980480502,0.651486626828812,3.76592797146919,3631,0.316,0.595235457063712
"H02AB04",1.34614255786223,1.05697331448083,1.71442340242803,55805,0.016,0.0483555555555556
"J01FA01",1.16077867274183,0.290080598856456,4.64494051792491,1959,0.833,0.984130757800891
"J01AA07",0.554807616782895,0.249174299913548,1.23532600170688,12286,0.149,0.320632911392405
"N05AC02",0.762256164906756,0.496803561603963,1.16954568333296,31301,0.214,0.440969696969697
"A10AC01",1.06508642740094,0.967785435913572,1.17217004486416,458569,0.197,0.408414634146341
"N03AB02",2.38591695679415,1.95980472746591,2.90467700426388,47856,4.59e-18,4.1616e-17
"N06AX03",1.29510354066558,1.04511511588931,1.60488845251968,73829,0.0181,0.0539824561403509
"N05AA02",1.14762043141646,0.871725349426629,1.51083441071293,50544,0.326,0.60568306010929
"A02BX02",0.882965899323199,0.512492498958057,1.52124915184648,16734,0.654,0.984130757800891
"R01AD01",0.658405039784671,0.49137244500188,0.882217146735193,77575,0.00512,0.0183242105263158
"C09DA01",0.703335325685206,0.621387174536897,0.79609074764922,408049,2.58e-08,1.55256637168142e-07
"C09CA07",1.12526382541555,0.953913792250249,1.3273931953556,143596,0.161,0.341059190031153
"H03BB01",2.02289033303274,1.5044590639839,2.71997118262643,24779,3.11e-06,1.62676923076923e-05
"B01AB04",26.6356067744871,23.3260029636454,30.4147928537444,9979,0,0
"C03BA11",0.597533835488813,0.4444793365578,0.803291975998396,83545,0.000648,0.00272
"R01AD11",0.542726647791052,0.346064317607689,0.851148758296505,39747,0.00777,0.0255246376811594
"R05DA01",0.876534678554016,0.328819605227866,2.33657917743489,5187,0.792,0.984130757800891
"G04CA02",1.09768381843991,1.02071537935237,1.18045616793715,789025,0.012,0.0376036866359447
"G04CB01",0.747095429848291,0.677321281893976,0.824057350950878,617544,5.6e-09,3.46181818181818e-08
"C09BA05",0.916223821544987,0.681509445825129,1.23177469704785,54577,0.562,0.929829683698297
"N04AA02",1.29077003709247,0.930597159526471,1.7903421169945,31728,0.126,0.277281553398058
"M01AX01",1.16196238212311,0.700180979811407,1.92829656388678,14679,0.561,0.929829683698297
"N04BX02",4.30280624364485,3.22996139174182,5.73200088944871,12478,2.01e-23,2.135625e-22
"N03AX12",1.71653203754143,1.41410110483452,2.08364325990039,68417,4.66e-08,2.73172413793103e-07
"N05AD03",2.49153957125775,1.94116932456263,3.19795360280687,28383,7.6e-13,5.80674157303371e-12
"R05CB01",0.000536181624366439,3.40216046998773e-24,84502402765637312,1384,0.751,0.984130757800891
"M01AE03",0.802685073791708,0.650184971382481,0.990953891656437,123049,0.0409,0.109496062992126
"A01AB04",0.34783726382264,0.0490071965154093,2.4688366343416,3266,0.291,0.563760683760684
"G04BD08",2.34803278215337,2.01858865002985,2.73124390449009,82844,1.83e-28,2.14551724137931e-27
"P01BA02",1.36681727271362,1.16442541389662,1.60438739544219,125908,0.000133,0.000598940397350993
"R03DA04",1.19869887431482,1.04716174308931,1.37216528465276,202427,0.00858,0.0279157894736842
"R06AX22",0.773162146698398,0.578851435648946,1.03269970198331,67572,0.0815,0.191103448275862
"R03BB01",0.775062594831144,0.553568569636709,1.08518087705128,49832,0.138,0.298853503184713
"R03BB04",1.76528700883735,1.56860519509207,1.98663005408891,181637,4.12e-21,4.06028985507246e-20
"R03AL02",2.60541487951454,1.90227897387218,3.56844962680636,17063,2.42e-09,1.59766990291262e-08
"R03AC03",1.0205613996517,0.85215722954544,1.22224577149292,132574,0.825,0.984130757800891
"C10AA07",0.767584079582688,0.654632744798604,0.900024210383892,225978,0.00113,0.00454674556213018
"N05BA01",1.25182090154434,1.09424596296263,1.43208713816092,195751,0.00107,0.00433095238095238
"M01AH02",1.82802915176812,1.4299177768387,2.33698093263934,39892,1.48e-06,7.8625e-06
"C08CA13",1.36065681855228,1.25118104282732,1.47971150017521,475236,6.2e-13,4.79090909090909e-12
"A10BX01",0.21436826770408,0.107395349137227,0.42789333586252,42328,1.26e-05,6.25401459854015e-05
"J05AB11",1.93895108615547,1.1476055698992,3.27597862289363,8218,0.0133,0.0409230769230769
"G04CA01",1.06034836166687,0.913230049734971,1.23116694245433,186657,0.442,0.77639175257732
"C10AA04",0.757458215479754,0.67151709251133,0.854398130138577,401745,6.16e-06,3.12597014925373e-05
"L02BG03",1.39660175126564,1.02779499406893,1.89774854216448,33406,0.0327,0.0900242914979757
"A07EC02",1.15284102156169,0.914546204067074,1.45322610829833,71045,0.229,0.463452380952381
"J01FF01",1.57536330605191,1.14566711854769,2.16622220004081,27456,0.00516,0.0183706806282723
"R01AD12",0.45630806995374,0.245454354454585,0.848292364450324,24885,0.0131,0.0404909090909091
"J01DC02",1.33051596006523,0.665017282968703,2.66199505685873,6838,0.42,0.74375
"N04BC05",1.83618631391875,1.577912078103,2.1367351363936,105148,3.93e-15,3.29925925925926e-14
"R01AD08",0.568215071584601,0.445369831976704,0.724944404390602,129644,5.41e-06,2.77624060150376e-05
"M09AA72",1.04359818433245,0.686853400060736,1.58563264045237,23967,0.842,0.984130757800891
"N05AH03",3.33961453093143,2.87583656198903,3.87818465159737,59748,2.75e-56,4.45238095238095e-55
"M03BC51",0.676877199442341,0.445523141717787,1.02837024662375,36917,0.0674,0.1666
"C08CA03",0.755144013142454,0.572067158378798,0.996810378349495,75188,0.0474,0.124710424710425
"A07AA02",1.29781216952142,0.782018382163548,2.15380669530816,13145,0.313,0.592869080779944
"R03BA02",0.832930230918641,0.731111845952099,0.948928366322265,311718,0.006,0.0205025125628141
"N02AA05",6.54762574402472,5.8493873016213,7.32921256076382,54688,5.7e-234,2.76857142857143e-232
"A02BD03",1.0012975925085,0.449626097106823,2.22984581014015,6812,0.997,0.997
"G01AA10",0.974096482841215,0.405245215439848,2.34145628802487,5835,0.953,0.984130757800891
"B01AB05",27.9503023688698,26.2383589233002,29.7739429815297,45843,0,0
"G03CA04",0.84640118837558,0.664618114384257,1.07790467364451,88575,0.176,0.370526315789474
"M01AG02",0.193445169831775,0.0626833551607096,0.596985174697539,17606,0.00427,0.0156951351351351
"J01EE01",3.89211094239786,2.34390456336683,6.46294555874473,4395,1.5e-07,8.57142857142857e-07
"R03DC03",1.5124029550436,1.31907680456123,1.73406331649162,157018,3.06e-09,2.00076923076923e-08
"R03BA05",0.966678569124576,0.848504255697009,1.10131145451606,269178,0.61,0.984130757800891
"M01AE52",2.10760729774007,0.946038865026228,4.6953763589449,3240,0.0681,0.1666
"A10BD07",0.967624837548691,0.63062891034703,1.48470488884801,24670,0.88,0.984130757800891
"A10BH01",1.72843468184412,1.451444683757,2.05828474404453,83827,8.21e-10,5.63919191919192e-09
"R03AL01",1.23056606328262,1.02267834169972,1.4807127269226,104532,0.028,0.08
"C08CA05",0.793422462657718,0.707840512189201,0.889351758495524,427934,7.08e-05,0.000327510204081633
"A10BA02",0.97301864360518,0.921754177606816,1.02713424447002,1658920,0.322,0.599890410958904
"C07AB04",0.660020459686924,0.540042855898046,0.806652661816861,164854,4.93e-05,0.000232805555555556
"N05AB03",1.35683683688431,1.09352295872769,1.68355514370564,69645,0.00557,0.0195938144329897
"N05AD01",3.51919251704501,2.97213389212441,4.16694416252335,44264,2.96e-48,4.28255319148936e-47
"A02BC04",1.77579166985908,1.13203298172968,2.78563973456202,12177,0.0124,0.0386788990825688
"C05AA08",0.755286376878555,0.514047474770955,1.10973701670748,39107,0.153,0.328201892744479
"J01DC04",2.05401157086161,0.513021632544212,8.22375366962677,1108,0.309,0.588571428571429
"N07CA01",1.08498552834167,0.938263579945411,1.25465127483615,192954,0.271,0.534144927536232
"C08DA01",0.934769755306109,0.80151172170795,1.09018305256106,199310,0.39,0.699736147757256
"A10BB12",1.2319317655755,1.1482380629232,1.32172580237438,756692,6.22e-09,3.81045045045045e-08
"J01MA01",1.53195639050387,0.951841577747381,2.46563129545126,12625,0.079,0.185882352941176
"N06AB06",2.34081932926569,1.97588441092655,2.77315570787585,65917,7.93e-23,8.296e-22
"C09AA01",0.930670768160589,0.782628737089763,1.10671642588723,157480,0.416,0.738590078328982
"B01AC04",1.63113237527979,1.45726926082839,1.82573865873866,216182,1.77e-17,1.56311688311688e-16
"N06AB10",3.31921642624413,3.07464116274154,3.58324666232766,240652,2.96e-207,1.184e-205
"C09DA03",0.853243143691632,0.711372277093268,1.02340769481705,155692,0.0872,0.203068493150685
"C08CA10",0.924841278471406,0.739298193256534,1.15695046757382,94609,0.494,0.841904761904762
"C07FB02",0.662120905468675,0.546518912509741,0.802175521146021,179697,2.54e-05,0.000124258992805755
"M05BX03",5.8360697926628,4.39323583009489,7.7527617323688,9410,4.24e-34,5.44e-33
"R06AE07",0.842988459048767,0.73931022989831,0.961206153183028,304030,0.0107,0.0338418604651163
"A01AB09",1.262894960691,0.831152058601686,1.91890721467014,19813,0.274,0.53849710982659
"A06AC51",1.42982381479398,1.10954089319681,1.84256042646765,47769,0.00572,0.0199466666666667
"C09BA02",0.626363912721075,0.563557817617662,0.696169477016157,629636,4.03e-18,3.70324324324324e-17
"A02BD02",0.695090300856905,0.0978492606310096,4.93770237229801,1635,0.716,0.984130757800891
"A02BD07",1.17221635026632,0.58592437612408,2.34516812719309,7760,0.653,0.984130757800891
"C09BA04",1.23375313723564,0.88538698695448,1.71918813588463,32268,0.215,0.441691842900302
"J01FA06",0.618479791862094,0.389531896311469,0.981992120706639,33054,0.0416,0.110933333333333
"R01AD09",0.784164779984348,0.674505744822306,0.911651838235856,247217,0.00156,0.00609655172413793
"N03AE01",1.68519025132105,1.41513501503458,2.00678108659343,85966,4.73e-09,2.96954128440367e-08
"J01XE01",1.23926062220188,0.83023900455477,1.84978889369788,22026,0.294,0.567954545454545
"J02AC01",1.16298846213016,0.852653337293308,1.58627440237486,39117,0.34,0.626558265582656
"M04AA01",1.318135417986,1.22008303500826,1.42406781366103,581379,2.49e-12,1.86065934065934e-11
"J01MA14",1.26076121364175,0.697856942734031,2.27771444330135,9922,0.443,0.77639175257732
"N03AG01",2.34775325747727,2.0156470668801,2.73457861178384,81384,5.48e-28,6.21066666666667e-27
"N06DA03",3.41004192966518,3.19291226248637,3.64193720532096,325097,2.14e-292,1.32290909090909e-290
"J05AB09",0.00396212092613761,8.98352446468404e-23,174746585207742752,198,0.811,0.984130757800891
"C10AA05",0.658909560630393,0.608671636914274,0.713293971263665,1072597,6.37e-25,6.98645161290323e-24
"C04AE01",1.96885754107367,1.49935276843307,2.58538223869339,30092,1.09e-06,5.9296e-06
"C10AX09",0.757286302595087,0.538148195503093,1.06565914164594,49499,0.111,0.248078175895766
"C10AA03",0.827947251399637,0.720948416116319,0.95082621138544,278045,0.00749,0.0247242718446602
"M01AB55",1.27168493359501,0.912603218571327,1.77205442345933,31308,0.156,0.332539184952978
"N05AB04",0.910244983897426,0.503885005615575,1.64431551142949,13736,0.755,0.984130757800891
"B01AC30",1.84585896965559,1.70677479634981,1.99627703850841,407224,4.45e-53,6.72444444444444e-52
"A10AD04",1.77312418990708,1.00634343781331,3.12415153187185,7701,0.0475,0.124710424710425
"L02BA01",1.32220893668436,1.00698512562806,1.73610952908328,44752,0.0444,0.11747859922179
"M01AE02",0.959357121268175,0.790381126044317,1.16445858308154,122018,0.675,0.984130757800891
"A10BB01",0.624403206563618,0.537091413902338,0.725908763899587,309487,8.89e-10,6.0452e-09
"N06AA12",1.06234771233209,0.867370511970934,1.30115405852654,100624,0.559,0.929829683698297
"N02AC04",1.16444838563309,0.723555495683458,1.87399591447054,16601,0.531,0.898208955223881
"N06DA04",3.00990669141348,2.76134913057736,3.28083768571541,206043,1.44e-138,4.25739130434783e-137
"C07AA07",0.65121301708788,0.548358424223847,0.773359858973526,227741,1.01e-06,5.53870967741935e-06
"A10BB07",0.748419940091814,0.577016090978805,0.970739664775847,86470,0.029,0.0821666666666667
"R06AX27",0.73692085447838,0.544357430793297,0.997602521883004,64723,0.0482,0.125578544061303
"R01BA52",0.288452060789154,0.0930898448303345,0.89380953986075,11811,0.0312,0.0865959183673469
"C07AA05",0.978508261202393,0.850283625529544,1.1260694531722,228811,0.762,0.984130757800891
"R03AK06",1.2825817526963,1.17082137807906,1.40501017759726,423534,8.78e-08,5.10290598290598e-07
"R03AK07",1.252366455207,1.1058810986009,1.41825530801823,229433,0.000392,0.00169783439490446
"R03BA01",0.774255820212056,0.675094101155384,0.887982985047983,302871,0.000253,0.00110993548387097
"C08CA02",0.878290198607753,0.809100141189051,0.953397031715763,760187,0.00194,0.00745310734463277
"A02BA02",1.19842978855859,0.997574537510815,1.43972595941386,109219,0.0531,0.136256603773585
"J01MA12",2.51856340386935,1.98780345561446,3.19104064408077,31257,2.01e-14,1.608e-13
"C07AG02",0.906050087439403,0.807549852544023,1.01656480818217,369484,0.0929,0.213878378378378
"M01AH01",1.38388105807126,1.16965534510526,1.63734282145831,112812,0.000153,0.000684473684210526
"G04BD10",3.02326824850877,2.11220180393222,4.32730948597116,11313,1.48e-09,9.96435643564357e-09
"J01FA10",0.750032672279917,0.48883799995518,1.15078821519385,31810,0.188,0.393353846153846
"M05BB03",2.45729522864566,2.19449054415101,2.75157250361303,143160,1.02e-54,1.61302325581395e-53
"C10AA02",0.580053943314317,0.501825272331856,0.670477546080993,359804,1.73e-13,1.35218390804598e-12
"N03AX16",1.95930525612354,1.75106129262489,2.19231451397041,181518,8.78e-32,1.06614285714286e-30
"N04BA02",3.08648970622693,2.81021206708244,3.38992875955269,168462,1.09e-122,2.85076923076923e-121
"C10AA01",0.90027630424355,0.864508215430184,0.937524258898009,3419104,3.8e-07,2.10081300813008e-06
"C08DB01",0.637129711470632,0.567653594374979,0.715109132155868,517905,1.98e-14,1.60285714285714e-13
"N05AH04",3.77406829311247,3.48866483588182,4.08282026251931,200234,2.58e-240,1.34953846153846e-238
"N06AA09",1.25847621479965,1.05683693416183,1.49858727682764,114911,0.00987,0.0315098591549296
"H02AA02",3.4294906335417,2.61795777021296,4.49258813085956,17642,3.7e-19,3.49444444444444e-18
"J01CF02",1.45807922341243,0.364310481211269,5.83566801229115,1560,0.594,0.975652173913043
"R06AE09",0.977555568086904,0.757003294937338,1.26236556047859,68605,0.862,0.984130757800891
"B02AA02",1.69336909363993,0.961097185334019,2.98356808349027,8063,0.0684,0.1666
"P01AB01",2.01663151066741,1.54730574597335,2.62831225205491,31079,2.11e-07,1.18578512396694e-06
"J01AA04",0.511697462852967,0.164980274565622,1.58706423649463,6661,0.246,0.490557184750733
"C09CA01",1.16161060404338,1.07568156844411,1.25440393794025,665070,0.000133,0.000598940397350993
"A04AA01",3.53301309452338,1.68213170970382,7.4204543283186,2258,0.000858,0.00355756097560976
"J01FA09",0.529336283765474,0.275338466870281,1.01764531667364,19312,0.0565,0.143358208955224
"A02BC05",2.03383821979762,1.90285909187624,2.17383300842886,524626,5.07e-97,1.11212903225806e-95
"M01AB08",0.809115286517899,0.532549407669409,1.22930856264015,30896,0.321,0.599890410958904
"M03BX02",1.00898891828365,0.801710051907011,1.26985889075181,82251,0.939,0.984130757800891
"M02AA15",0.787574986551218,0.466265129724513,1.33030398350319,20200,0.372,0.672765957446809
"J01EA01",2.67202877109867,2.5055443726763,2.84957545810804,433350,5.34e-197,2.01733333333333e-195
"N05CF02",1.46730133596568,1.31751934988983,1.6341112642533,263523,2.96e-12,2.18782608695652e-11
"G04BD04",1.77235920296739,1.50745576582975,2.0838138110236,95328,4.24e-12,3.10021505376344e-11
"M01AB05",0.975213695106156,0.851402375573805,1.11702971286831,245885,0.717,0.984130757800891
"C07AA03",0.564638677641978,0.448664755399573,0.71059032931024,146467,1.1e-06,5.93650793650794e-06
"C01CA01",2.18493784838327,1.37568032395208,3.47024909652194,9380,0.000929,0.00382860606060606
"J01XX05",1.36791122547248,0.976909858969284,1.91540816544513,28279,0.0682,0.1666
"N02CA01",2.21376116219235,1.25629101283646,3.90095800507743,6171,0.00597,0.0205025125628141
"B01AC07",1.08510148113033,0.991467544219047,1.18757818268139,509204,0.0761,0.180780487804878
"J05AB01",1.28950801696972,0.889913253191007,1.86853147749703,24699,0.179,0.375679012345679
"J01MA06",1.79264902956577,1.39393418982315,2.30541051841967,38767,5.43e-06,2.77624060150376e-05
"N02AX02",2.66750301638861,2.46586813195532,2.88562565460466,281910,3.4e-132,9.63333333333333e-131
"N02AE01",4.79312269835038,4.34827449208117,5.28348089415253,100798,2.86e-218,1.29653333333333e-216
"N02AA59",2.35993557677739,2.17690787045856,2.55835168870352,300441,1.65e-96,3.50625e-95
"M09AX01",0.765497001027843,0.411723697307562,1.4232497726379,14845,0.398,0.710341207349081
"N06DX01",3.57399892329116,3.38223745099356,3.77663262522684,461186,0,0
"A02BC03",1.59128108377779,1.46724389075789,1.72580407629508,437068,3.28e-29,3.91298245614035e-28
"M01AH05",1.81548071141898,1.61046542333373,2.04659483263637,171584,1.77e-22,1.79641791044776e-21
"J01DB05",1.21397249788863,0.652856826464235,2.25735439362934,9367,0.54,0.908910891089109
"M02AA07",1.14976882759836,1.01504174470567,1.30237831479554,248646,0.0282,0.080234309623431
"M01AC06",1.572339477428,1.4034688265934,1.76152928047527,220506,5.86e-15,4.85951219512195e-14
"H05BA01",3.22377409038123,2.93429109518017,3.54181608051235,160266,2.51e-131,6.8272e-130
"B03BA03",2.10626731315381,1.96045365492228,2.26292622797863,431584,4.55e-92,9.37575757575758e-91
"A06AC01",1.29843278364365,1.14485274622618,1.47261532035274,216101,4.78e-05,0.000227300699300699
"J01EE02",2.77735358978286,2.21320328298587,3.48530703075458,30827,1.17e-18,1.08986301369863e-17
"C09CA03",1.13496391573073,1.00123010122049,1.28656049038138,248832,0.0478,0.125015384615385
"C03EA02",0.670568864866602,0.566096456354882,0.794321528567549,227972,3.75e-06,1.94656488549618e-05
"J01CR02",1.23962368772855,0.951214606940608,1.61547864799944,50478,0.112,0.248078175895766
"C09AA02",1.082897561541,1.02367101024238,1.1455507844398,1381816,0.00552,0.01955
"M01AX05",0.96230576391771,0.867899656663226,1.06698093052545,434375,0.466,0.802227848101266
"C07BB07",0.869670190489567,0.748049722702219,1.01106412752089,223188,0.0692,0.167459074733096
"A12BA01",1.94511994021808,1.79508272500829,2.107697617009,367499,2.43e-59,4.131e-58
"N06AX11",2.72893058461679,2.56306721283517,2.90552744710088,449153,3.91e-216,1.66175e-214
"C03DA01",1.87421710226977,1.71274832682059,2.05090829249921,299323,1.61e-42,2.1896e-41
"J01MA02",2.72323164002985,2.39597292312719,3.09518963827871,100326,4.36e-53,6.72444444444444e-52
"C03AA03",1.0551378120566,0.956916538321163,1.1634408622353,444432,0.282,0.552622478386167
"C09AA04",1.60846459870165,1.42715065395697,1.81281377554865,194143,6.77e-15,5.54650602409639e-14
"G03CA03",0.612293805975038,0.572563442282612,0.654781072540689,1616528,1.4e-46,1.98333333333333e-45
"N03AF01",1.41967789980259,1.22670272244124,1.64301040693618,146219,2.59e-06,1.36527131782946e-05
"N02AB03",5.6947040794942,5.05603861118039,6.41404408607489,56222,1.14e-180,4.08e-179
"J01CA08",2.55379465028833,2.3615880993442,2.76164463974575,297050,5.78e-122,1.4557037037037e-120
"N05BA06",2.2190822197252,2.0164839340348,2.44203577067307,223395,7.33e-60,1.27805128205128e-58
"H02AB07",1.54505607633485,1.31123980068694,1.82056575598804,106296,2.03e-07,1.15033333333333e-06
"M05BA06",2.67412610268391,2.24542375216941,3.18467746061142,54304,2.63e-28,3.03118644067797e-27
"H02AB06",1.80606197714867,1.67915627732749,1.94255883704503,485116,6.07e-57,1.00673170731707e-55
"R03AC02",1.01510240567884,0.933034051732514,1.10438937582352,625191,0.727,0.984130757800891
"N05CD07",1.79978096622512,1.70540049081172,1.89938465705758,942416,1.92e-101,4.352e-100
"M01AE01",1.28227004352979,1.19612329974311,1.37462121579523,746147,2.44e-12,1.84355555555556e-11
"J01CE02",0.927691857468836,0.729759302976059,1.17930964210293,82074,0.54,0.908910891089109
"N05BA04",1.89948705803273,1.77807504598515,2.02918942694839,570099,8.33e-81,1.57344444444444e-79
"N06AB03",1.15313271144803,0.929368373485711,1.43077286482671,81885,0.196,0.407584097859327
"N06CA01",0.909927953418228,0.777978819285971,1.06425632663341,197211,0.238,0.478816568047337
"C08CA01",1.26804929314914,1.20709143898279,1.33208550564408,1603424,3.46e-21,3.46e-20
"C07AB07",1.46801404822531,1.41797611287704,1.51981773614951,3445231,2.19e-104,5.1351724137931e-103
"B01AA03",1.6675704070211,1.60235426513243,1.73544085904291,2084620,2.77e-139,8.56181818181818e-138
"C01AA05",1.31644243824834,1.24133631613933,1.3960927999038,1045975,4.6e-20,4.4056338028169e-19
"J01CA04",1.22212130137932,1.03541410909527,1.4424957726239,131366,0.0177,0.0530220264317181
"C07AB02",1.0053102443776,0.96451932634213,1.047826269364,2958153,0.802,0.984130757800891
"C01DA14",1.29886418645507,1.24440145874278,1.35571054100178,2179383,5.44e-33,6.85037037037037e-32
"A03FA01",2.27190237702076,1.92799157755749,2.67715921106439,72453,1.14e-22,1.17454545454545e-21
"A02BC02",2.64426724893029,2.51500412429673,2.78017408250597,770822,0,0
"A06AD11",3.74765671636234,3.54084653350571,3.96654605919624,412188,0,0
"G04BD07",1.70185785377112,1.48134163819294,1.9552006638898,135631,5.92e-14,4.68093023255814e-13
"R05DA20",0.311636195124995,0.100542518907304,0.965930823769414,10933,0.0434,0.11528125
"J01AA02",0.726881611350583,0.585854531212835,0.901856772919068,129556,0.00375,0.014010989010989
"J01DB01",2.18819488664929,2.0246843251302,2.36491032331678,351159,6.29e-87,1.258e-85
"M05BA07",3.03246587210626,2.79337059679878,3.29202622667672,226450,1.87e-154,6.05523809523809e-153
"C09AA05",1.60722344691609,1.52789575898557,1.69066979414348,1208771,2.13e-75,3.91459459459459e-74
"A12AX",3.11377894245392,3.00434044958138,3.2272039288425,1613192,0,0
"C03CA01",2.56837724911266,2.48282633120631,2.65687600088987,2296294,0,0
"M05BA04",1.84583612595101,1.72380071537268,1.97651095830367,543615,4.73e-69,8.46421052631579e-68
"C01DA08",1.19298035953373,1.13239335772335,1.25680897766351,1493828,3.24e-11,2.27134020618557e-10
"N05AX08",3.87221133116371,3.61802361728329,4.14425724629498,267910,0,0
"B03BA02",1.9388808701967,1.57223230919753,2.39103280528146,51759,5.98e-10,4.14938775510204e-09
"N02BE01",4.67695596846008,4.52706250391066,4.83181248591527,1546359,0,0
"C09DA06",0.919591080197176,0.797065682533911,1.06095115284584,234650,0.251,0.49906432748538
"C09CA06",1.08772523186636,1.00036208580541,1.18271793466278,593061,0.049,0.127175572519084
"C01DA02",1.29091098202419,1.22322811302523,1.36233883587688,1290361,1.5e-20,1.45714285714286e-19
"A02BC01",2.73520608176393,2.54602881057349,2.93843976888591,334991,1.13e-166,3.842e-165
"H03AA01",1.13506303809837,1.08278892091537,1.18986080811387,1961824,1.39e-07,8.01016949152542e-07
"C07AB03",0.6384666078712,0.573313876117226,0.711023448668817,595407,3.08e-16,2.65113924050633e-15
"C03EA01",0.824708787715274,0.774750695136391,0.877888317886647,1421649,1.5e-09,1e-08
"M02AA10",1.26815581184968,0.997546178351923,1.61217515342008,60121,0.0524,0.134969696969697
"N06AB04",2.93961860347454,2.78671788410931,3.10090862916882,599912,0,0
"C03EB01",1.34837821590288,1.23592182088024,1.47106700634717,443490,1.73e-11,1.25148936170213e-10
"N06DA02",2.95100974261988,2.77972232994609,3.13285194251985,462520,1.43e-275,8.10333333333333e-274
"N05BA12",1.13345695100807,0.976603854822482,1.31550234360075,175735,0.0993,0.22508
"N05CF01",1.61026631506904,1.54323170702839,1.6802127597799,1828338,7.07e-107,1.717e-105
